state,year,pctblack_prisonpop,pctblack_under10,pctblack_10plus,rri_statepop,rri_under10,rri_10plus,numwomen_under10,numwomen_10plus,pctwomen_10plus
AK,2005,0.10551181,0.10640067,0.089552239,2.9847174,3.0098612,2.5332532,188,7,0.035897437
AK,2006,0.10781671,0.10699756,0.12230216,3.0924585,3.0689631,3.5079381,188,6,0.030927835
AK,2007,0.10522303,0.10507391,0.10833333,3.0095954,3.0053303,3.0985565,227,4,0.017316017
AK,2008,0.10148148,0.10146605,0.10185185,2.9122918,2.911849,2.9229205,244,5,0.020080321
AK,2009,0.10383824,0.10397445,0.1,3.0264826,3.0304525,2.9146128,306,5,0.01607717
AK,2010,0.099082567,0.099504381,0.088235296,2.8627455,2.8749328,2.5493405,264,5,0.01858736
AK,2011,0.098459475,0.098960198,0.09137056,2.7690339,2.7831161,2.5696683,312,10,0.031055901
AK,2012,0.092752658,0.090465464,0.11046512,2.4535449,2.3930428,2.9220846,296,13,0.042071197
AK,2013,0.094679184,0.092016235,0.11209439,2.4298036,2.3614628,2.8767397,187,13,0.064999998
AL,2007,0.6105355,0.60359061,0.65653938,2.3239558,2.2975206,2.4990659,1754,39,0.021751255
AL,2008,0.61386609,0.60571116,0.66703385,2.3327291,2.3017399,2.5347698,1735,41,0.023085585
AL,2009,0.60852891,0.59906381,0.66923487,2.3120074,2.2760463,2.5426497,1813,46,0.024744486
AL,2010,0.60096085,0.58964545,0.66982341,2.2799122,2.236984,2.5411615,1828,49,0.026105488
AL,2011,0.59240282,0.57942557,0.66948521,2.243783,2.1946304,2.5357399,1826,51,0.027171018
AL,2012,0.5895828,0.57529539,0.6707114,2.2273393,2.1733639,2.5338287,1885,55,0.028350515
AL,2013,0.5870679,0.57156903,0.67106789,2.2095582,2.1512246,2.5257103,1880,63,0.032424085
AL,2014,0.58678484,0.5689345,0.67038989,2.2014537,2.1344843,2.5151167,1689,71,0.040340908
AZ,2000,0.14873432,0.14811061,0.15946844,4.5144525,4.4955215,4.8402596,1486,25,0.016545335
AZ,2001,0.14714536,0.14661893,0.15550756,4.3643956,4.3487816,4.612422,1730,30,0.017045455
AZ,2002,0.14212833,0.14131452,0.15433674,4.1203437,4.0967507,4.4742689,2009,39,0.019042969
AZ,2003,0.13684285,0.13583936,0.15219907,3.8832927,3.854816,4.319068,2378,41,0.016949153
AZ,2004,0.1327626,0.13142435,0.15234174,3.6575727,3.6207044,4.1969724,2544,45,0.017381229
AZ,2005,0.13112846,0.1295841,0.15314451,3.4962382,3.4550614,4.0832453,2691,48,0.017524645
AZ,2006,0.13449661,0.13256763,0.16265334,3.4413207,3.3919644,4.1617575,2946,57,0.018981019
AZ,2007,0.13341585,0.13127244,0.16426757,3.294668,3.2417369,4.0565429,3252,66,0.0198915
AZ,2008,0.1337588,0.131781,0.16149312,3.1879144,3.1407769,3.8489151,3547,68,0.018810512
AZ,2009,0.13374168,0.13141026,0.16561456,3.0894485,3.0355926,3.825716,3602,78,0.021195652
AZ,2010,0.13324012,0.1305625,0.16678129,3.0244105,2.9636312,3.7857597,3504,91,0.025312934
AZ,2011,0.1352267,0.13242489,0.16812724,3.0178719,2.9553437,3.7521176,3362,103,0.029725829
AZ,2012,0.13379188,0.13077414,0.16717885,2.9303527,2.8642571,3.6616049,3406,124,0.03512748
AZ,2013,0.13295387,0.12969238,0.16901408,2.8616374,2.7914386,3.6377807,3531,112,0.030743893
AZ,2014,0.13404657,0.13099572,0.1679367,2.8311138,2.7666788,3.5468862,3677,120,0.031603899
CA,2000,0.31205687,0.30741456,0.37701538,4.4472079,4.3810492,5.3729496,10217,379,0.035768215
CA,2001,0.30706632,0.30176941,0.37296417,4.4084744,4.332428,5.3545537,9151,409,0.042782426
CA,2002,0.30069575,0.29436314,0.37209302,4.3450451,4.2535391,5.3767338,9167,457,0.047485452
CA,2003,0.29553732,0.28842032,0.36877748,4.2998314,4.1962848,5.365417,9764,493,0.048064735
CA,2004,0.29237905,0.28408837,0.37054738,4.2770138,4.155735,5.420485,10323,537,0.049447514
CA,2005,0.2886793,0.27883026,0.36960468,4.2469749,4.1020784,5.4375281,10630,622,0.055279061
CA,2006,0.28969279,0.27848572,0.3688179,4.2811313,4.1155114,5.4504561,10856,699,0.060493294
CA,2007,0.29028952,0.27756783,0.36751926,4.3128834,4.1238747,5.460299,10564,769,0.067854933
CA,2008,0.29269117,0.2786614,0.36772329,4.3694649,4.1600204,5.4895883,10560,845,0.074090309
CA,2009,0.29218644,0.27675995,0.36569887,4.3730617,4.1421785,5.473299,9886,895,0.083016418
CA,2010,0.29157752,0.2749981,0.36282438,4.3769169,4.1280408,5.4464149,8863,946,0.096442044
CA,2011,0.29197243,0.27278832,0.36173275,4.4062738,4.1167588,5.4590554,7162,958,0.11798029
CA,2012,0.2952545,0.27338028,0.36133265,4.4781199,4.1463542,5.4803262,5167,974,0.1586061
CA,2013,0.28996128,0.26815417,0.35762981,4.4225616,4.0899539,5.4546585,5296,969,0.15466879
CA,2014,0.28863996,0.26671556,0.35524771,4.4153466,4.0799675,5.4342504,5208,951,0.15440819
CO,2000,0.23530819,0.23296845,0.26566416,5.8360319,5.7780027,6.5889101,1297,30,0.022607384
CO,2001,0.22950536,0.22663347,0.265674,5.6515169,5.5807972,6.542161,1345,33,0.023947751
CO,2002,0.2201668,0.21709993,0.25824964,5.3947306,5.3195834,6.3278718,1539,36,0.022857143
CO,2003,0.21358976,0.20991817,0.25742576,5.2581582,5.1677713,6.3373141,1709,38,0.021751573
CO,2004,0.20619321,0.20140049,0.25906119,5.0179882,4.901351,6.3046012,1870,45,0.023498695
CO,2005,0.19793805,0.19098833,0.27297744,4.8330102,4.6633205,6.6652303,2081,56,0.02620496
CO,2006,0.19577804,0.18867189,0.27173346,4.7254448,4.553925,6.5587611,2256,61,0.026327148
CO,2007,0.19638322,0.19034596,0.25938907,4.7237029,4.578486,6.2392139,2285,67,0.028486395
CO,2008,0.19728681,0.19167925,0.25538161,4.7048802,4.5711517,6.0903201,2242,70,0.030276816
CO,2009,0.19758454,0.19187425,0.25393796,4.6639519,4.5291615,5.9941659,2058,72,0.033802819
CO,2010,0.19374369,0.18726848,0.25208607,4.5217257,4.3706026,5.8833609,2004,77,0.037001442
CO,2011,0.19245231,0.18554647,0.24669074,4.4622293,4.3021097,5.71981,1954,84,0.04121688
CO,2012,0.19346049,0.18615513,0.24464355,4.4338074,4.2663798,5.606842,1666,78,0.04472477
CO,2013,0.18969072,0.18154779,0.24656998,4.3008208,4.1161976,5.5904326,1752,72,0.039473683
CO,2014,0.18568635,0.17645667,0.24733306,4.1557717,3.9492061,5.5354624,1671,71,0.040757749
DC,2007,0.96689719,0.9669826,0.96470588,1.7610842,1.7612398,1.757093,327,7,0.020958085
DC,2008,0.96734947,0.96737909,0.96666664,1.7999442,1.7999994,1.7986736,296,21,0.066246055
DC,2009,0.96636736,0.96615964,0.9708029,1.8404613,1.8400656,1.8489088,229,23,0.091269843
DC,2010,0.96581048,0.96602029,0.96253604,1.8792973,1.8797055,1.8729258,260,18,0.064748198
DC,2011,0.96654534,0.96498215,0.97399998,1.9093831,1.9062951,1.9241095,228,23,0.091633469
DC,2012,0.96700191,0.96681815,0.9676401,1.9371992,1.9368311,1.9384778,217,24,0.099585064
DC,2013,0.96531147,0.96412665,0.96893942,1.9522938,1.9498975,1.9596311,170,24,0.12371134
DE,2009,0.60933971,0.61647326,0.55333334,2.805196,2.8380365,2.5473616,216,4,0.018181818
DE,2010,0.60648036,0.60953718,0.583682,2.7694745,2.7834334,2.6653664,238,5,0.020576132
DE,2011,0.59170204,0.58891964,0.60759491,2.688216,2.675575,2.7604203,261,5,0.018796992
DE,2012,0.58151448,0.57701391,0.60677469,2.6332214,2.6128418,2.7476051,307,6,0.019169329
DE,2013,0.58052349,0.57417148,0.61473089,2.6181743,2.5895267,2.7724504,292,8,0.026666667
DE,2014,0.56663835,0.55485815,0.63100135,2.5423539,2.4894993,2.8311334,281,13,0.044217687
FL,2000,0.5413909,0.53923482,0.55936539,3.5614541,3.5472708,3.6796966,4083,150,0.035435863
FL,2001,0.53666544,0.53187501,0.57146049,3.4996223,3.4683836,3.7265224,4212,190,0.043162201
FL,2002,0.52877015,0.52294552,0.56906706,3.4232247,3.3855164,3.6841044,4487,205,0.043691389
FL,2003,0.52201134,0.51523829,0.56968433,3.3552365,3.3117025,3.6616554,4957,214,0.041384645
FL,2004,0.51501924,0.50760299,0.56790483,3.2899418,3.2425668,3.627775,5394,211,0.03764496
FL,2005,0.50631034,0.49840656,0.56385428,3.2083051,3.1582217,3.5729401,5747,213,0.035738256
FL,2006,0.50250697,0.49389559,0.56483597,3.151423,3.0974176,3.5423131,6053,224,0.035685837
FL,2007,0.50157392,0.4929378,0.56331503,3.1220632,3.0683074,3.5063727,6452,238,0.035575487
FL,2008,0.49808863,0.48935634,0.55936295,3.0736396,3.0197537,3.4517553,6757,273,0.03883357
FL,2009,0.49783269,0.48916408,0.5557906,3.0510042,2.9978778,3.4062035,6763,298,0.042203654
FL,2010,0.49064612,0.48061508,0.55375355,2.9907298,2.9295857,3.3754008,6985,328,0.044851635
FL,2011,0.48470929,0.47321993,0.55215424,2.9224505,2.853178,3.3290954,6789,345,0.048359968
FL,2012,0.48310456,0.47108653,0.54883689,2.893295,2.8213196,3.2869635,6607,368,0.052759856
FL,2013,0.48203814,0.46968967,0.54657584,2.8772061,2.8035002,3.2624209,6843,395,0.054573085
FL,2014,0.47828999,0.4650045,0.54420269,2.8467917,2.7677164,3.2391055,6789,414,0.057476051
GA,2000,0.65690207,0.66079229,0.61024433,2.2662661,2.2796872,2.1053002,2601,99,0.036666665
GA,2001,0.65385282,0.65718544,0.61763948,2.2452092,2.2566528,2.1208594,2734,113,0.039690904
GA,2002,0.63989341,0.64134628,0.62608308,2.1858788,2.1908417,2.1387026,2970,120,0.038834952
GA,2003,0.63474208,0.63434678,0.63800198,2.1577909,2.1564472,2.1688728,2996,145,0.046163641
GA,2004,0.62699944,0.62582666,0.63572681,2.11748,2.1135194,2.1469538,2790,170,0.057432432
GA,2005,0.61879146,0.6158427,0.63966024,2.0764055,2.0665107,2.1464324,2728,181,0.062220693
GA,2006,0.61017042,0.60509694,0.64585853,2.0247424,2.0079069,2.143167,3355,196,0.055195719
GA,2007,0.61025053,0.60366172,0.65469652,2.0087969,1.9871082,2.1551025,3382,209,0.05820106
GA,2008,0.61948168,0.61358768,0.65570027,2.0257564,2.0064826,2.1441941,3490,224,0.060312331
GA,2009,0.62554324,0.61914796,0.66321176,2.0316033,2.0108333,2.1539412,3557,235,0.061972573
GA,2010,0.62414718,0.61752087,0.66169655,2.0171192,1.9957042,2.1384711,3515,242,0.064413093
GA,2011,0.61865956,0.61033595,0.6654591,1.9888836,1.9621247,2.1393361,3406,235,0.064542711
GA,2012,0.61788529,0.60940242,0.66613322,1.9799981,1.9528149,2.1346073,3205,249,0.072090328
GA,2013,0.61679512,0.6073851,0.6679607,1.9667847,1.9367788,2.1299372,3260,260,0.073863633
GA,2014,0.61444795,0.60370952,0.67038578,1.9483224,1.9142724,2.1256928,3209,280,0.080252223
IA,2006,0.23362578,0.23369506,0.23269513,8.9242401,8.9268866,8.8886909,866,33,0.036707453
IA,2007,0.2440685,0.24398433,0.24505928,8.9366894,8.9336071,8.9729671,795,40,0.047904193
IA,2008,0.25059396,0.25050664,0.25156444,8.8112087,8.8081388,8.8453321,824,43,0.04959631
IA,2009,0.25638518,0.25626275,0.25757575,8.7099733,8.7058144,8.7504206,735,47,0.060102303
IA,2010,0.2577022,0.2579875,0.25494507,8.4982224,8.5076313,8.4073009,764,46,0.056790125
IA,2011,0.26565364,0.26769009,0.24760893,8.5401802,8.6056471,7.9600821,706,48,0.06366048
IA,2012,0.25872713,0.25950643,0.25232679,8.1304245,8.1549139,7.929296,761,49,0.060493827
IA,2013,0.25928041,0.25985062,0.25480282,7.8312263,7.8484488,7.6959867,674,51,0.070344828
IA,2014,0.25866103,0.2597959,0.25,7.5509934,7.5841231,7.2981553,710,57,0.074315518
IL,2000,0.64601731,0.64480013,0.66209906,4.218689,4.2107406,4.3237076,2819,77,0.026588397
IL,2001,0.64013964,0.63810956,0.66444123,4.1958213,4.1825151,4.3551073,2695,87,0.031272467
IL,2002,0.62455446,0.62030584,0.66888654,4.1069255,4.0789876,4.3984427,2450,91,0.035812672
IL,2003,0.60794801,0.60165715,0.66862172,4.0129652,3.9714406,4.4134626,2616,115,0.042109117
IL,2004,0.60355741,0.59610271,0.67154622,3.9961436,3.9467862,4.4462962,2640,125,0.045207955
IL,2005,0.6022085,0.59436929,0.66994441,3.9991293,3.9470708,4.4489479,2609,133,0.04850474
IL,2006,0.59588706,0.58810711,0.6600613,3.9680097,3.916203,4.3953457,2599,137,0.050073098
IL,2007,0.59334999,0.58481294,0.66004288,3.9675751,3.91049,4.4135327,2704,144,0.050561797
IL,2008,0.58899683,0.57890266,0.66312122,3.9530149,3.8852687,4.4504962,2594,151,0.055009108
IL,2009,0.58348459,0.57262164,0.65936011,3.9272394,3.8541245,4.437932,2449,160,0.06132618
IL,2010,0.57502121,0.56474566,0.65031838,3.8788388,3.8095245,4.3867602,2769,170,0.057842802
IL,2011,0.57164711,0.56146264,0.64421302,3.8677499,3.7988422,4.3587294,2689,188,0.065345846
IL,2012,0.57602322,0.5671649,0.63801277,3.9063821,3.8463082,4.3267727,2690,204,0.070490673
IL,2013,0.58024102,0.57285148,0.6298123,3.941421,3.8912258,4.2781453,2717,198,0.067924529
IN,2002,0.39846742,0.3928906,0.46278512,4.595015,4.5307045,5.3367085,1431,64,0.042809363
IN,2003,0.38729462,0.38148218,0.45945945,4.4266882,4.3602533,5.2515159,1591,59,0.035757575
IN,2004,0.38506979,0.37936568,0.45765767,4.3609462,4.2963467,5.1830096,1621,59,0.035119049
IN,2005,0.37765756,0.37164855,0.45274475,4.2401018,4.1726365,5.0831337,1745,58,0.032168608
IN,2006,0.38208196,0.37632531,0.45429665,4.2435551,4.1796193,5.0455999,1888,56,0.028806584
IN,2007,0.38018951,0.37326112,0.46858639,4.1846499,4.1083913,5.1576123,2091,55,0.025629077
IN,2008,0.3857649,0.37908313,0.46699029,4.2077699,4.1348877,5.0937438,2197,60,0.02658396
IN,2009,0.37834036,0.37037909,0.46981981,4.0906491,4.004571,5.0797329,2203,64,0.028231142
IN,2010,0.37055764,0.36158636,0.46856159,3.9736214,3.8774192,5.0245528,2273,53,0.022785898
IN,2011,0.36693361,0.35524663,0.48004562,3.9110475,3.786479,5.1166782,2306,73,0.030685162
IN,2012,0.35827893,0.34489402,0.47673181,3.7975545,3.6556821,5.0530882,2281,76,0.032244377
IN,2013,0.34714916,0.33180681,0.47912458,3.651325,3.4899535,5.0394464,2458,88,0.034564022
IN,2014,0.3377493,0.320034,0.48058727,3.5314384,3.3462107,5.0249233,2506,97,0.037264694
KS,2011,0.3387371,0.32782769,0.4046289,5.5275216,5.3495016,6.602746,565,36,0.059900165
KS,2012,0.33020312,0.31819922,0.40167046,5.3291154,5.1353855,6.4825196,613,37,0.056923077
KS,2013,0.3231805,0.3080557,0.41584158,5.1949906,4.9518661,6.6844788,630,38,0.056886226
KS,2014,0.31190887,0.29288754,0.42716238,4.994884,4.6902776,6.8405442,667,39,0.055240795
KY,2000,0.34492567,0.3492564,0.27303755,4.6567059,4.7151732,3.6861727,1117,24,0.021034181
KY,2001,0.32472971,0.32872984,0.2606383,4.34518,4.3987055,3.4875784,1205,30,0.024291499
KY,2002,0.3156603,0.31770459,0.2830385,4.1997623,4.2269611,3.7657394,1329,38,0.027798098
KY,2003,0.31069407,0.31216326,0.28769842,4.12748,4.1469979,3.8219895,1402,41,0.028413028
KY,2004,0.30064046,0.30100277,0.29477611,3.9552894,3.9600558,3.8781366,1648,45,0.026580036
KY,2005,0.29317993,0.29277253,0.29965156,3.8353751,3.8300455,3.920037,1962,51,0.025335321
KY,2006,0.29113105,0.2906464,0.29847145,3.7944641,3.7881474,3.8901355,2044,61,0.028978622
KY,2007,0.29474533,0.29474783,0.29470199,3.8062816,3.806314,3.805722,2396,41,0.016823964
KY,2008,0.29211196,0.29194498,0.29482073,3.7608559,3.7587061,3.7957306,2231,45,0.019771529
KY,2009,0.27983084,0.27912313,0.2912088,3.5642645,3.5552502,3.709188,2271,54,0.023225807
KY,2010,0.26351514,0.26118633,0.2989772,3.3265991,3.2972002,3.7742698,2128,48,0.022058824
KY,2011,0.24516129,0.24170384,0.29946113,3.0644948,3.021277,3.743238,2472,48,0.01904762
KY,2012,0.23504217,0.23134607,0.29128277,2.9066682,2.86096,3.6021721,2711,56,0.020238526
KY,2013,0.23618066,0.23135316,0.29778934,2.894521,2.8353572,3.6495683,2288,61,0.025968498
KY,2014,0.22904156,0.22449921,0.28343558,2.7859182,2.7306681,3.4475331,2407,65,0.026294498
MA,2010,0.31504408,0.31129411,0.33500314,4.0748019,4.0262995,4.3329539,483,31,0.060311284
MA,2011,0.31586665,0.31189153,0.33728918,4.0097885,3.959326,4.2817383,459,33,0.067073174
MA,2012,0.31122139,0.3060455,0.33696309,3.8757749,3.8113174,4.1963472,390,34,0.080188677
MA,2013,0.30912358,0.30396703,0.33274338,3.7798548,3.7168024,4.0686693,406,33,0.075170845
MA,2014,0.30932844,0.30324718,0.33605126,3.7172771,3.644197,4.0384116,392,36,0.084112152
MD,2000,0.77162278,0.77506059,0.75031972,2.7234597,2.7355936,2.6482699,1031,48,0.044485636
MD,2001,0.76766765,0.76928765,0.75810474,2.6903496,2.6960268,2.6568356,1049,52,0.047229793
MD,2002,0.76433969,0.76492363,0.76095498,2.6610668,2.6630998,2.6492829,1094,56,0.048695654
MD,2003,0.76163679,0.76138783,0.76300406,2.6341259,2.6332648,2.6388547,1039,61,0.055454545
MD,2004,0.75260216,0.74993259,0.7669369,2.5820293,2.5728705,2.6312091,1030,60,0.055045873
MD,2005,0.75238883,0.74972606,0.76621163,2.561209,2.5521445,2.6082633,969,61,0.059223302
MD,2006,0.74725223,0.74307811,0.76859277,2.5257664,2.5116575,2.597899,942,80,0.078277886
MD,2007,0.74582601,0.74135494,0.76927298,2.5083323,2.4932952,2.587188,1065,78,0.06824147
MD,2008,0.74845785,0.74435377,0.76952177,2.509362,2.4956021,2.5799832,931,80,0.079129577
MD,2009,0.74772203,0.74196196,0.77565634,2.497776,2.4785345,2.5910909,889,84,0.086330935
MD,2010,0.73347747,0.72444707,0.77727991,2.4442518,2.4141586,2.5902197,857,86,0.091198303
MD,2011,0.73027241,0.72044939,0.77926862,2.4294057,2.3967273,2.592402,889,85,0.087268993
MD,2012,0.71310306,0.69926196,0.77728802,2.3690674,2.3230846,2.5823023,773,86,0.10011642
ME,2012,0.071388103,0.073383085,0.050955415,5.2677436,5.4149537,3.7600112,114,4,0.033898305
ME,2013,0.069532908,0.071925752,0.043749999,5.0260458,5.1990075,3.1623802,112,4,0.034482758
ME,2014,0.082135521,0.085058756,0.049689442,5.7797961,5.9855013,3.4965973,124,4,0.03125
MI,2000,0.54853129,0.53834707,0.61027056,3.8180013,3.7471149,4.2477317,2010,173,0.079248741
MI,2001,0.54664612,0.53409576,0.61398137,3.8016372,3.7143562,4.2699184,2041,179,0.08063063
MI,2002,0.54189456,0.52798229,0.6099413,3.770642,3.6738369,4.2441292,2111,194,0.084164858
MI,2003,0.53196681,0.51596773,0.60289007,3.7041197,3.5927172,4.1979632,2064,198,0.087533154
MI,2004,0.52711987,0.5093801,0.60121351,3.6720846,3.5485036,4.1882443,1956,203,0.094025008
MI,2005,0.52202237,0.50152087,0.60481274,3.6390383,3.4961216,4.2161732,1951,217,0.10009225
MI,2006,0.51974326,0.498945,0.60365677,3.623564,3.4785619,4.2085953,1994,222,0.10018051
MI,2007,0.52019495,0.49930328,0.60020965,3.6278129,3.4821155,4.1858311,1887,228,0.10780142
MI,2008,0.52491891,0.50506651,0.5974741,3.6652784,3.5266578,4.1718993,1723,227,0.11641026
MI,2009,0.5320701,0.51269674,0.60281229,3.7186308,3.5832307,4.213047,1563,204,0.11544991
MI,2010,0.53692049,0.51659065,0.61188662,3.7483006,3.6063757,4.2716475,1673,214,0.11340752
MI,2011,0.53946149,0.51805335,0.61614549,3.7672386,3.6177385,4.3027487,1699,221,0.11510417
MI,2012,0.53670901,0.51352942,0.6193319,3.7523224,3.5902658,4.3299685,1773,238,0.11834908
MI,2013,0.53131717,0.50608683,0.61912161,3.7261305,3.54919,4.3419037,1766,270,0.13261297
MN,2000,0.36214992,0.36614969,0.26530612,9.8616095,9.9705257,7.2244811,352,7,0.019498607
MN,2001,0.36615062,0.37051544,0.26296297,9.4994946,9.6127357,6.8223705,390,9,0.022556391
MN,2002,0.35273591,0.3557243,0.28797469,8.7744465,8.8487844,7.1634851,454,10,0.021551725
MN,2003,0.33324635,0.3335155,0.32753623,7.9524221,7.9588451,7.8161588,421,13,0.029953917
MN,2004,0.32308069,0.3219575,0.34345794,7.3977447,7.3720264,7.8643332,494,13,0.025641026
MN,2005,0.31803834,0.31667313,0.33939394,7.0081973,6.9781141,7.4787831,512,16,0.030303031
MN,2006,0.32336351,0.32083747,0.35559568,6.8203297,6.7670507,7.500165,418,19,0.043478262
MN,2007,0.33293247,0.32970598,0.3619211,6.749989,6.6845741,7.3377147,277,24,0.079734221
MN,2008,0.34714803,0.34581271,0.36417034,6.8184152,6.7921882,7.1527548,582,28,0.045901638
MN,2009,0.35251355,0.35134238,0.36731842,6.7543044,6.7318645,7.037972,629,29,0.044072948
MN,2010,0.35398963,0.35370788,0.35733333,6.6526933,6.6473985,6.7155333,604,29,0.045813587
MN,2011,0.35548589,0.35462606,0.36528498,6.5139046,6.4981494,6.6934628,596,30,0.047923323
MN,2012,0.35139591,0.34986565,0.36903226,6.2883635,6.2609792,6.6039729,666,29,0.041726619
MN,2013,0.34897688,0.34724689,0.36809817,6.0904646,6.0602717,6.4241757,664,30,0.043227665
MN,2014,0.34323153,0.34003678,0.37976348,5.8458323,5.7914205,6.4680357,637,28,0.042105265
MO,2000,0.42756346,0.41682935,0.54071802,3.7629097,3.6684406,4.7587628,1841,55,0.029008439
MO,2001,0.41929972,0.40683371,0.55998284,3.6733334,3.5641232,4.9058075,2081,51,0.023921201
MO,2002,0.42075372,0.40851203,0.54911745,3.6720796,3.5652416,4.7923594,2260,53,0.022913964
MO,2003,0.41494632,0.40091947,0.54686958,3.6097043,3.4876819,4.7573318,2165,60,0.026966292
MO,2004,0.40787897,0.39216536,0.54643768,3.534929,3.3987453,4.735764,2425,68,0.027276374
MO,2005,0.40440872,0.38597864,0.55749333,3.495482,3.3361828,4.8186593,2527,78,0.029942418
MO,2006,0.40570733,0.38602155,0.55723059,3.4955463,3.3259349,4.8010602,2568,94,0.035311796
MO,2007,0.39999354,0.37920636,0.54944474,3.4429018,3.2639782,4.7292871,2498,112,0.042911876
MO,2008,0.40301949,0.38338467,0.54001552,3.4635363,3.2947953,4.6408758,2377,115,0.046147674
MO,2009,0.40077215,0.38040325,0.53971076,3.4356656,3.2610507,4.6267328,2324,120,0.049099836
MO,2010,0.39012668,0.36864725,0.53275436,3.3361475,3.1524673,4.5558205,2343,127,0.051417004
MO,2011,0.38509557,0.36231014,0.52798682,3.28915,3.0945368,4.5096021,2449,133,0.051510457
MO,2012,0.37729031,0.35253406,0.52852923,3.217241,3.0061388,4.5068898,2564,143,0.052826006
MO,2013,0.37397704,0.3504611,0.51834238,3.1778193,2.9779956,4.4045444,2642,141,0.050664749
MO,2014,0.36259541,0.33764994,0.51564258,3.0747228,2.8631911,4.3725266,2893,147,0.048355263
MS,2004,0.68764198,0.68439674,0.72448981,1.884075,1.8751833,1.9850347,1505,56,0.035874441
MS,2005,0.6867488,0.68113595,0.74547577,1.8801816,1.8648148,2.0409644,1632,60,0.035460994
MS,2006,0.68389541,0.67714047,0.75104821,1.8553462,1.8370208,2.0375257,1755,65,0.035714287
MS,2007,0.68383145,0.6751169,0.7625528,1.8505219,1.8269393,2.0635505,1864,68,0.035196688
MS,2008,0.68482667,0.674793,0.77208483,1.848338,1.8212572,2.0838466,1864,73,0.037687145
MS,2009,0.67347991,0.66261512,0.76416337,1.8164684,1.7871644,2.0610542,1630,83,0.048453007
MS,2010,0.66719198,0.65635943,0.75178796,1.7935829,1.7644624,2.0209987,1410,84,0.056224901
MS,2011,0.66478556,0.65441686,0.74400651,1.784464,1.7566316,1.9971145,1473,85,0.054557126
MS,2012,0.66094732,0.64938885,0.74970299,1.77202,1.7410313,2.0099766,1521,84,0.052336447
MS,2013,0.66399479,0.65152806,0.75149477,1.775838,1.7424961,2.0098546,1424,86,0.056953643
MS,2014,0.67042452,0.65547532,0.75204265,1.7874151,1.7475592,2.0050168,1167,78,0.062650606
MT,2010,0.029778672,0.029569892,0.031620555,6.8860955,6.8378167,7.312017,178,6,0.032608695
MT,2011,0.02770083,0.027360989,0.03065134,5.3718934,5.3059897,5.9440722,192,6,0.030303031
MT,2012,0.026058631,0.026075022,0.025925925,4.5144806,4.5173202,4.4914899,186,4,0.021052632
MT,2013,0.025341915,0.025745258,0.022058824,4.4406443,4.5113215,3.8653507,186,5,0.02617801
MT,2014,0.027624309,0.027826855,0.025925925,4.7355719,4.7702942,4.4444218,196,4,0.02
NC,2000,0.63071489,0.63515496,0.59107018,2.8933959,2.9137647,2.7115264,1433,64,0.042752173
NC,2001,0.6229831,0.62700266,0.59090906,2.8598866,2.8783391,2.7126465,1454,70,0.04593176
NC,2002,0.6157946,0.61725742,0.6052193,2.8255723,2.8322842,2.7770474,1585,85,0.050898202
NC,2003,0.6052745,0.6038363,0.61474586,2.7761064,2.76951,2.8195469,1628,97,0.056231882
NC,2004,0.59759539,0.59251523,0.63027591,2.7410254,2.7177238,2.890923,1760,103,0.055287171
NC,2005,0.58766347,0.58138365,0.62808961,2.6977406,2.6689122,2.8833218,1848,100,0.051334701
NC,2006,0.58481318,0.57892352,0.62387437,2.6854985,2.6584527,2.8648698,1902,99,0.049475264
NC,2007,0.58064419,0.57318026,0.629547,2.6661346,2.6318624,2.8906808,1921,106,0.052294031
NC,2008,0.57579732,0.56882811,0.62200958,2.6406708,2.6087091,2.8526053,2037,112,0.052117262
NC,2009,0.57529294,0.56849182,0.61972129,2.6326611,2.6015377,2.8359745,2093,115,0.052083332
NC,2010,0.57393694,0.56747013,0.61430293,2.6205242,2.5909977,2.8048303,2102,136,0.060768545
NC,2011,0.57015586,0.56318229,0.61108977,2.5973334,2.5655653,2.7838068,2028,142,0.065437786
NC,2012,0.56159276,0.55401814,0.60301971,2.5525892,2.5181603,2.7408857,2022,155,0.071198896
NC,2013,0.55074978,0.54216909,0.59583557,2.4966018,2.4577048,2.7009799,2096,148,0.065953657
NC,2014,0.54186624,0.53194577,0.59213674,2.4512069,2.4063301,2.6786122,2254,157,0.065118209
ND,2002,0.047237076,0.048579287,0,6.0837922,6.2566595,0,101,1,0.009803922
ND,2003,0.044189852,0.045608107,0,5.3494844,5.521174,0,106,1,0.009345794
ND,2004,0.042056076,0.042810984,0.021739131,4.6395898,4.7228703,2.398242,125,1,0.007936508
ND,2005,0.049130764,0.050039094,0.022727273,4.975368,5.0673528,2.3015425,145,1,0.006849315
ND,2006,0.048762735,0.050037909,0.018181818,4.7208695,4.8443232,1.7602373,155,1,0.006410257
ND,2007,0.05511811,0.056843679,0.016666668,5.1506319,5.3118815,1.557453,141,3,0.020833334
ND,2008,0.057201929,0.059035279,0.016129032,5.1350465,5.2996268,1.4479114,158,3,0.018633541
ND,2009,0.059333332,0.060055867,0.044117648,4.8315907,4.8904276,3.5925574,172,3,0.017142856
ND,2010,0.067567565,0.068990044,0.040540539,5.3531065,5.4658041,3.211864,169,3,0.017441861
ND,2011,0.059474412,0.06122449,0.027027028,4.2484221,4.373435,1.9306154,144,3,0.020408163
ND,2012,0.065359481,0.067400277,0.02631579,4.1258135,4.2546387,1.6611828,171,2,0.011560693
ND,2013,0.062419564,0.065188169,0,3.3537586,3.5025136,0,157,2,0.012578616
ND,2014,0.068598464,0.071604937,0,3.2537885,3.3963928,0,203,2,0.009756098
NE,2000,0.25530285,0.24492069,0.37187499,6.224031,5.9709239,9.0659447,254,11,0.041509435
NE,2001,0.25253808,0.2406639,0.38461539,6.0536346,5.7689967,9.2196827,329,8,0.023738872
NE,2002,0.25067919,0.23846777,0.38304093,5.9454761,5.6558518,9.0847616,345,10,0.028169014
NE,2003,0.24463096,0.23145884,0.37567568,5.7155938,5.4078383,8.7773418,314,9,0.027863776
NE,2004,0.2470617,0.23519871,0.36103895,5.6986446,5.4250169,8.3276072,358,10,0.027173912
NE,2005,0.24347629,0.23225483,0.34999999,5.5458498,5.2902498,7.9722238,414,10,0.023584906
NE,2006,0.2478241,0.23706897,0.34834123,5.5476904,5.3069305,7.7978263,399,10,0.024449877
NE,2007,0.25482711,0.24795234,0.31999999,5.6355648,5.4835277,7.076879,391,10,0.024937656
NE,2008,0.26421028,0.25895521,0.31322506,5.7250223,5.6111531,6.7870955,372,10,0.02617801
NE,2009,0.26355556,0.25617588,0.32964602,5.6414752,5.483511,7.0561585,358,11,0.029810298
NE,2010,0.2634083,0.2562063,0.32631579,5.5796623,5.4271059,6.9122043,403,13,0.03125
NE,2011,0.26601294,0.25972223,0.32346722,5.5763259,5.4444566,6.7807183,387,17,0.042079207
NE,2012,0.26622018,0.26143488,0.30997878,5.5365405,5.4370213,6.4465814,368,15,0.039164491
NE,2013,0.266601,0.26298559,0.30020285,5.4806089,5.4062858,6.1713738,363,14,0.037135277
NE,2014,0.26626888,0.26141766,0.31106871,5.4158635,5.3171902,6.3270841,378,16,0.040609136
NH,2011,0.064568199,0.067059353,0.044280443,4.9435563,5.1342874,3.3902581,150,6,0.03846154
NH,2012,0.065126844,0.06675116,0.05109489,4.6893067,4.8062615,3.6789684,190,6,0.030612245
NH,2013,0.06427221,0.065989845,0.049822062,4.4582696,4.577414,3.4559288,190,7,0.035532996
NH,2014,0.065416984,0.066580199,0.056478404,4.4856453,4.5654068,3.8727264,178,9,0.04812834
NJ,2003,0.64072526,0.64184964,0.6277948,4.4306006,4.4383755,4.3411865,1535,51,0.032156367
NJ,2004,0.63452804,0.63523716,0.6267516,4.3818107,4.3867073,4.3281093,1491,49,0.031818181
NJ,2005,0.62508672,0.62499523,0.62606233,4.3136463,4.313015,4.3203788,1462,52,0.034346104
NJ,2006,0.62066901,0.6199289,0.62827641,4.2782731,4.2731719,4.3307114,1440,52,0.034852546
NJ,2007,0.61693275,0.6153512,0.63256538,4.2489696,4.2380767,4.3566351,1416,61,0.041299932
NJ,2008,0.61709094,0.61551476,0.63159895,4.2500529,4.2391973,4.3499727,1312,65,0.047204066
NJ,2009,0.61821705,0.61644477,0.63350403,4.248508,4.2363286,4.3535628,1206,72,0.056338027
NJ,2010,0.61839771,0.61588347,0.63911647,4.2392869,4.2220511,4.3813195,1131,79,0.065289259
NJ,2011,0.61429971,0.61047065,0.64680851,4.2021794,4.1759863,4.4245591,1053,72,0.064000003
NJ,2012,0.61255807,0.60662645,0.66070735,4.176856,4.1364102,4.5051723,1009,75,0.069188192
NJ,2013,0.61009425,0.60317868,0.66264123,4.1438904,4.0969186,4.5008006,935,81,0.079724409
NM,2010,0.086709522,0.084751204,0.11328976,3.6289186,3.5469604,4.7413402,594,16,0.026229508
NM,2011,0.088794924,0.087544829,0.1045082,3.6633167,3.611743,4.3115826,610,21,0.033280507
NM,2012,0.089185186,0.087145619,0.11254612,3.6361115,3.5529578,4.5885453,619,25,0.038819876
NM,2013,0.086295158,0.08346761,0.1141046,3.4737284,3.3599083,4.5931706,641,30,0.044709388
NM,2014,0.081494302,0.078626446,0.10699002,3.2255104,3.1120019,4.2346201,665,33,0.047277939
NV,2008,0.28134698,0.28292388,0.26807889,3.3574862,3.3763044,3.1991501,986,31,0.03048181
NV,2009,0.28291249,0.28442013,0.27128029,3.330375,3.3481224,3.1934435,931,34,0.035233162
NV,2010,0.28241891,0.28584465,0.25785339,3.2925773,3.3325162,3.0061805,934,36,0.037113402
NV,2011,0.28669485,0.29013133,0.26261979,3.3101666,3.349844,3.032197,921,41,0.042619541
NV,2012,0.28299794,0.28613031,0.26193389,3.1858563,3.2211192,2.9487274,981,41,0.040117417
NV,2013,0.28034818,0.28232095,0.26771197,3.1209691,3.142931,2.9802969,1029,42,0.039215688
NV,2014,0.29022509,0.29340261,0.27115813,3.1867521,3.221642,2.9773915,1038,44,0.040665433
NY,2000,0.54677844,0.54633766,0.55123901,3.0987959,3.096298,3.1240757,3133,122,0.037480798
NY,2001,0.54561126,0.54425538,0.55750918,3.0963683,3.0886736,3.1638896,2977,133,0.042765275
NY,2002,0.54085678,0.53829634,0.56119686,3.0739944,3.059442,3.1895986,2820,142,0.047940582
NY,2003,0.54334277,0.53947276,0.5708009,3.095309,3.0732625,3.2517323,2741,140,0.048594236
NY,2004,0.54866582,0.54520082,0.57089025,3.1354904,3.1156888,3.2624977,2600,158,0.05728789
NY,2005,0.55374956,0.54941976,0.57879752,3.1690772,3.1442978,3.3124251,2612,168,0.060431655
NY,2006,0.55928779,0.55519027,0.58218092,3.2047408,3.1812618,3.3359194,2651,174,0.061592922
NY,2007,0.56521034,0.56228137,0.58097899,3.2465208,3.229697,3.3370945,2548,173,0.063579567
NY,2008,0.57061863,0.56809819,0.58350474,3.2812548,3.2667613,3.3553543,2389,158,0.062033765
NY,2009,0.56962949,0.56649733,0.58514696,3.2743189,3.2563148,3.3635156,2274,175,0.071457736
NY,2010,0.56635243,0.56232965,0.58598119,3.2468302,3.2237682,3.3593595,2019,170,0.07766103
NY,2011,0.5578953,0.55178136,0.5876711,3.1921556,3.1571729,3.3625262,2112,165,0.072463766
NY,2012,0.55418837,0.54666907,0.59047204,3.1680977,3.1251125,3.3755186,2044,167,0.075531431
NY,2013,0.54542005,0.53537714,0.5937776,3.1104007,3.0531282,3.3861723,2150,179,0.076857023
NY,2014,0.53859526,0.52635509,0.59731245,3.0635073,2.9938858,3.3974884,2121,175,0.076219514
OH,2009,0.48096693,0.48075193,0.4825021,3.9021089,3.9003646,3.9145639,3218,195,0.057134487
OH,2010,0.47689089,0.4755812,0.48618421,3.8525627,3.8419824,3.9276388,3369,194,0.0544485
OH,2011,0.47313172,0.47131765,0.4852387,3.8052967,3.7907064,3.9026704,3351,211,0.059236385
OH,2012,0.46534815,0.46110412,0.49248976,3.7242191,3.6902537,3.9414353,3359,220,0.061469685
OH,2013,0.45728725,0.45094207,0.49582419,3.6366246,3.586164,3.9430935,3420,233,0.063783191
OK,2000,0.31671345,0.31262803,0.34408233,4.1419563,4.0885272,4.4998841,2132,147,0.064501971
OK,2001,0.30327573,0.29742765,0.34160435,3.9635391,3.88711,4.4644594,2042,128,0.058986176
OK,2002,0.29377732,0.28478616,0.35056543,3.8425243,3.7249224,4.5852966,2133,134,0.059108954
OK,2003,0.28265375,0.27204043,0.34980619,3.7121851,3.5727968,4.5941205,2189,124,0.053610031
OK,2004,0.28210041,0.27164677,0.35032052,3.7075536,3.5701649,4.6041484,2271,119,0.049790796
OK,2005,0.28178206,0.2716181,0.34635496,3.7130883,3.5791562,4.5639763,2319,112,0.046071574
OK,2006,0.29091576,0.28264353,0.34390098,3.8278928,3.7190461,4.5250764,2391,122,0.048547551
OK,2007,0.30016491,0.29307687,0.34427658,3.9503036,3.857022,4.5308328,2426,126,0.049373042
OK,2008,0.3077969,0.30284572,0.33818492,4.0734224,4.0078979,4.4755816,2529,126,0.047457628
OK,2009,0.30516043,0.30179086,0.32633093,4.0309405,3.9864311,4.3105869,2596,116,0.042772863
OK,2010,0.29688427,0.29245153,0.32499999,3.9101667,3.8517845,4.2804699,2491,141,0.053571429
OK,2011,0.29259923,0.28754947,0.32290503,3.8422806,3.7759695,4.2402425,2383,149,0.058846761
OK,2012,0.28347766,0.27760196,0.31813332,3.7099531,3.6330559,4.1635017,2500,158,0.059443191
OK,2013,0.27684811,0.2700575,0.31659332,3.5995569,3.511266,4.1163211,2689,174,0.06077541
OK,2014,0.26364285,0.254419,0.32162374,3.4119401,3.2925694,4.1623011,2809,196,0.065224625
OR,2001,0.10949156,0.11036665,0.099236645,6.3046441,6.3550329,5.7141552,650,25,0.037037037
OR,2002,0.10415992,0.10373553,0.1092437,5.9015007,5.8774557,6.189538,803,25,0.030193238
OR,2003,0.099636704,0.098485485,0.11359026,5.6100321,5.5452127,6.3956852,869,27,0.030133929
OR,2004,0.097681008,0.09682899,0.10772164,5.4730053,5.4252672,6.0355759,969,28,0.028084252
OR,2005,0.097564556,0.096395172,0.11061552,5.4104896,5.3456407,6.1342373,994,32,0.031189084
OR,2006,0.10107759,0.10102604,0.1016,5.5114818,5.5086713,5.5399675,999,34,0.032913845
OR,2007,0.098551549,0.097826943,0.10545999,5.2899098,5.2510152,5.6607308,1021,36,0.034058657
OR,2008,0.095795855,0.09427087,0.10941828,5.0459189,4.9655924,5.7634621,1078,40,0.035778176
OR,2009,0.097014412,0.095599629,0.10846395,5.0409164,4.9674034,5.6358399,1089,45,0.039682541
OR,2010,0.098161183,0.096642226,0.10991637,5.0484405,4.9703207,5.6530108,1090,47,0.041336853
OR,2011,0.094756961,0.092058323,0.11459521,4.8152189,4.6780834,5.8233294,1074,53,0.047027506
OR,2012,0.094309375,0.091789283,0.11212938,4.7292876,4.6029139,5.6228991,1178,59,0.047696039
OR,2013,0.09502504,0.093267776,0.10826211,4.7155733,4.6283698,5.3724566,1227,49,0.038401254
PA,2001,0.54030025,0.5309177,0.59786546,5.219347,5.1287107,5.7754316,1535,116,0.07026045
PA,2002,0.53360218,0.52487725,0.59153247,5.1087775,5.0252438,5.6634097,1668,121,0.067635551
PA,2003,0.52464014,0.51537061,0.58758837,4.9763932,4.8884683,5.5734787,1671,123,0.068561874
PA,2004,0.51878518,0.507846,0.58905125,4.8654466,4.7628531,5.5244393,1678,134,0.073951438
PA,2005,0.51077551,0.49852869,0.58826631,4.7380147,4.6244116,5.4568286,1878,134,0.066600397
PA,2006,0.50282007,0.4899483,0.58566821,4.6116457,4.4935913,5.3714924,2082,141,0.063427798
PA,2007,0.5006482,0.48732987,0.58628571,4.5448294,4.4239273,5.3222375,2307,145,0.0591354
PA,2008,0.4942849,0.48022825,0.58729911,4.4431705,4.3168144,5.279284,2596,151,0.054969057
PA,2009,0.49522188,0.48120978,0.58704334,4.4142466,4.2893476,5.2327132,2649,157,0.055951532
PA,2010,0.49511278,0.48084202,0.58448792,4.385304,4.2589054,5.1769161,2518,175,0.064983293
PA,2011,0.49577868,0.48106441,0.58585012,4.3559361,4.226656,5.1473083,2529,187,0.068851255
PA,2012,0.49464706,0.47949833,0.58297753,4.3116193,4.1795745,5.0815568,2301,196,0.078494191
PA,2013,0.48681602,0.46981615,0.5846051,4.2095327,4.0625339,5.0551219,2512,199,0.073404647
PA,2014,0.48920894,0.47155353,0.58483422,4.2045441,4.052803,5.026403,2444,205,0.077387691
RI,2004,0.28345627,0.28652644,0.24460432,4.4286213,4.4765887,3.8216121,65,1,0.015151516
RI,2005,0.2878072,0.29019004,0.26035503,4.3986249,4.4350424,3.9790668,71,0,0
RI,2006,0.28669411,0.29198185,0.23529412,4.3029656,4.3823285,3.5315077,72,0,0
RI,2007,0.29098848,0.29491082,0.25,4.2700024,4.3275595,3.6685321,117,1,0.008474576
RI,2008,0.29566929,0.29956895,0.25454545,4.2672539,4.3235359,3.673733,104,1,0.00952381
RI,2009,0.29012069,0.29234567,0.26886791,4.1105967,4.1421213,3.8094749,92,1,0.010752688
RI,2010,0.29235882,0.29439747,0.27441859,4.0898123,4.118331,3.8388462,106,1,0.009345794
RI,2011,0.30468372,0.30818966,0.27441859,4.1612034,4.2090855,3.747859,82,1,0.012048192
RI,2012,0.30473816,0.30730051,0.2857143,4.1158681,4.1504755,3.858927,83,2,0.023529412
RI,2013,0.29691103,0.2987487,0.28286853,3.9286244,3.9529397,3.7428188,88,2,0.022222223
RI,2014,0.29789186,0.30061984,0.27642277,3.8602583,3.8956094,3.5820494,75,1,0.013157895
SC,2000,0.68189764,0.68803144,0.61698538,2.2972476,2.3179119,2.0785644,1248,58,0.044410415
SC,2001,0.68070883,0.68605429,0.62559491,2.299825,2.3178849,2.1136184,1331,56,0.040374909
SC,2002,0.67900467,0.6830641,0.636594,2.3057895,2.3195746,2.1617696,1482,58,0.037662338
SC,2003,0.6730364,0.67634255,0.64040112,2.2948523,2.3061252,2.1835756,1421,63,0.042452831
SC,2004,0.6666072,0.66864401,0.6477325,2.2852728,2.2922554,2.2205663,1365,72,0.050104383
SC,2005,0.65690583,0.65769362,0.64997804,2.2659931,2.2687106,2.2420957,1357,72,0.050384883
SC,2006,0.65776366,0.65782219,0.65726316,2.2848024,2.2850058,2.2830639,1425,75,0.050000001
SC,2007,0.65467751,0.65432519,0.65743554,2.2935548,2.2923205,2.3032169,1419,85,0.056515958
SC,2008,0.6537559,0.65224594,0.66438121,2.3034148,2.2980947,2.3408515,1412,107,0.070441082
SC,2009,0.65467107,0.65146887,0.67519748,2.3195841,2.3082383,2.3923118,1308,125,0.087229587
SC,2010,0.64979881,0.64588028,0.67264038,2.3081975,2.2942781,2.3893347,1268,134,0.095577747
SC,2011,0.64839506,0.64328206,0.67477876,2.3110569,2.2928329,2.4050956,1189,146,0.1093633
SC,2012,0.64565706,0.63925314,0.67545903,2.3087342,2.285835,2.4152997,1114,164,0.12832551
SC,2013,0.63865393,0.63158494,0.66947472,2.2895985,2.2642558,2.4000921,1151,174,0.13132076
SC,2014,0.63292104,0.62369525,0.67142504,2.2791417,2.2459197,2.4177942,1152,169,0.12793338
SD,2000,0.042083334,0.0432919,0,6.3808298,6.5640769,0,189,0,0
SD,2001,0.041618496,0.042806182,0,5.696218,5.8587737,0,231,0,0
SD,2002,0.043731779,0.044792835,0,5.4702153,5.6029382,0,250,0,0
SD,2003,0.045534767,0.046503246,0,5.2891588,5.4016542,0,273,0,0
SD,2004,0.052869566,0.05380531,0,5.7757378,5.8779631,0,297,0,0
SD,2005,0.05679702,0.057565272,0,5.8092442,5.8878217,0,355,0,0
SD,2006,0.051948052,0.052411575,0.021276595,5.0255795,5.0704217,2.0583489,347,0,0
SD,2007,0.055236273,0.05609598,0,4.9655123,5.0427966,0,372,0,0
SD,2008,0.063011974,0.063938618,0,5.3791671,5.458272,0,346,1,0.002881844
SD,2009,0.06286595,0.063829787,0,5.0214796,5.0984674,0,374,1,0.002666667
SD,2010,0.056051739,0.057242252,0.011764706,4.2467957,4.3369956,0.89136046,400,2,0.004975124
SD,2011,0.057605762,0.058659218,0.027027028,3.9852116,4.0580907,1.8697509,426,4,0.009302326
SD,2012,0.063170098,0.064759038,0.022900764,3.6779714,3.7704847,1.3333579,408,4,0.009708738
TN,2000,0.51979762,0.5255478,0.46146616,3.1489055,3.1837399,2.7955368,1607,49,0.029589372
TN,2001,0.51282156,0.51782358,0.4629133,3.0934019,3.1235747,2.7923493,1597,59,0.035628021
TN,2002,0.4985154,0.50161326,0.467886,2.9943111,3.0129182,2.8103368,1848,59,0.030938648
TN,2003,0.48684457,0.48818049,0.4738746,2.9153643,2.9233642,2.8376963,2102,61,0.028201573
TN,2004,0.47939461,0.47916245,0.48157996,2.8605278,2.8591423,2.8735676,2224,66,0.02882096
TN,2005,0.47272792,0.47120711,0.48657474,2.8148286,2.805773,2.8972788,2321,83,0.034525789
TN,2006,0.46948493,0.4676221,0.48541668,2.7880762,2.7770138,2.8826883,2339,95,0.039030403
TN,2007,0.47045398,0.46899116,0.48251978,2.7994988,2.7907939,2.8712978,2308,100,0.04152824
TN,2008,0.46761888,0.46499413,0.48857591,2.7867274,2.7710855,2.9116187,2475,109,0.042182662
TN,2009,0.47043857,0.46707836,0.49538553,2.8006742,2.7806699,2.9491916,2387,129,0.05127186
TN,2010,0.46416155,0.45896754,0.49958801,2.7561464,2.7253048,2.9665053,2392,160,0.062695928
TN,2011,0.45617455,0.44892326,0.5034731,2.6973693,2.6544924,2.9770465,2429,175,0.067204304
TN,2012,0.45035189,0.44345424,0.4959805,2.6488287,2.608259,2.917202,2632,203,0.071604937
TN,2013,0.43806842,0.43042547,0.48516458,2.5691822,2.5243576,2.8453915,2697,235,0.080150068
TN,2014,0.42686588,0.41718531,0.48415178,2.4980032,2.4413528,2.8332381,2850,254,0.081829898
TX,2005,0.37771904,0.35929087,0.48094308,3.191077,3.0353906,4.0631428,9602,518,0.051185772
TX,2006,0.3736535,0.35623509,0.46818182,3.0725639,2.9293318,3.8498731,9471,592,0.058829375
TX,2007,0.37157562,0.35490555,0.4591572,3.0607586,2.9234433,3.7821894,9511,651,0.064062193
TX,2008,0.37330863,0.35863635,0.44853064,3.0735555,2.9527543,3.6928794,9476,688,0.067689888
TX,2009,0.36595687,0.35205811,0.43564153,3.0049205,2.8907959,3.5771105,9136,737,0.07464803
TX,2010,0.36033225,0.34770599,0.42432979,2.9497199,2.84636,3.4736109,9605,779,0.075019263
TX,2011,0.35910743,0.34701985,0.42059892,2.931742,2.8330593,3.4337566,9628,807,0.077335887
TX,2012,0.35630369,0.34483629,0.41397101,2.8907895,2.7977514,3.3586602,9103,783,0.079202913
TX,2013,0.35101879,0.34013078,0.40552625,2.8333917,2.7455046,3.273371,9232,778,0.077722281
TX,2014,0.34511209,0.33373666,0.40194994,2.769315,2.6780343,3.2254045,9696,793,0.075603016
UT,2000,0.080760539,0.080635667,0.08372093,9.3124676,9.298069,9.6538296,358,2,0.005555556
UT,2001,0.08164078,0.080934502,0.096491225,8.9589291,8.8814249,10.588556,298,2,0.006666667
UT,2002,0.077482305,0.077061288,0.087155961,8.1800117,8.1355639,9.2012844,355,2,0.005602241
UT,2003,0.072044,0.071619049,0.082926832,7.4957552,7.4515414,8.6280499,417,1,0.002392344
UT,2004,0.074629501,0.073478341,0.10659899,7.5075908,7.3917861,10.723662,499,3,0.005976096
UT,2005,0.069721118,0.068746783,0.099476442,6.7449288,6.6506705,9.6235056,553,4,0.007181329
UT,2006,0.073867366,0.073497035,0.085561499,6.8653646,6.8309455,7.9522381,597,5,0.008305647
UT,2007,0.069854133,0.069732442,0.073684208,6.1728506,6.1620975,6.5113058,610,5,0.008130081
UT,2008,0.068005182,0.067488752,0.085714288,5.8621616,5.8176446,7.3887167,612,6,0.009708738
UT,2009,0.070857503,0.070612833,0.08024691,5.8891239,5.8687887,6.6694984,610,5,0.008130081
UT,2010,0.066285886,0.065190464,0.1025641,5.3917403,5.3026381,8.3426361,639,5,0.007763975
UT,2011,0.067054093,0.06586457,0.1008772,5.3647084,5.2695398,8.0707483,644,1,0.001550388
UT,2012,0.062509216,0.061952345,0.075539567,4.8759561,4.8325181,5.8923731,668,1,0.001494768
UT,2013,0.064113721,0.064043917,0.065476194,4.9081478,4.9028039,5.0124502,685,6,0.008683068
UT,2014,0.063459568,0.063332304,0.065616801,4.7850595,4.7754631,4.947722,680,9,0.013062409
WA,2000,0.22329895,0.22621331,0.17885265,6.6083732,6.6946216,5.2930164,987,24,0.023738872
WA,2001,0.21563981,0.218104,0.18107833,6.2887206,6.3605843,5.2808013,1004,27,0.026188167
WA,2002,0.21913777,0.22132893,0.18963923,6.3145638,6.3777032,5.4645486,1168,29,0.024227235
WA,2003,0.20986871,0.21136037,0.19159664,6.01582,6.0585775,5.4920568,1192,32,0.026143791
WA,2004,0.20492508,0.20510939,0.20278637,5.8335185,5.8387651,5.7726369,1267,31,0.023882898
WA,2005,0.19676892,0.19518168,0.21368124,5.5529194,5.5081263,6.0301933,1302,36,0.026905829
WA,2006,0.19901973,0.1964131,0.22462344,5.532043,5.4595881,6.2437353,1322,41,0.030080704
WA,2007,0.20045099,0.19806604,0.22242424,5.5269814,5.4612217,6.132844,1342,49,0.035226457
WA,2008,0.19352019,0.18867312,0.23582767,5.2402582,5.1090064,6.3858862,1271,53,0.040030211
WA,2009,0.19472043,0.18982199,0.23672566,5.1907067,5.0601277,6.3104496,1216,58,0.045525901
WA,2010,0.19067599,0.18434145,0.24203822,5.0617476,4.893589,6.4252267,1211,57,0.044952683
WA,2011,0.18921918,0.18193813,0.24541752,4.9089594,4.7200656,6.3669267,1221,64,0.049805447
WA,2012,0.18575394,0.17769262,0.24404472,4.7103434,4.5059247,6.1884789,1174,70,0.056270096
WA,2013,0.18699464,0.17948219,0.24081822,4.6486878,4.4619284,5.986742,1289,73,0.053597651
WA,2014,0.18199989,0.1737591,0.23761062,4.4672022,4.2649312,5.8321719,1250,83,0.062265567
WI,2000,0.47223064,0.47521251,0.40693641,8.1736889,8.2253017,7.0435319,1300,24,0.018126888
WI,2001,0.46829057,0.47015536,0.43323728,7.9907403,8.0225601,7.3926034,1235,36,0.028324155
WI,2002,0.46310839,0.46294349,0.46567863,7.7958021,7.793026,7.8390684,1267,43,0.032824427
WI,2003,0.46252412,0.46162546,0.47526133,7.7008219,7.6858597,7.9128909,1282,45,0.033911079
WI,2004,0.46032321,0.45740503,0.49636364,7.5967965,7.5486374,8.1915779,1265,52,0.039483674
WI,2005,0.45631289,0.45278013,0.49387974,7.4514246,7.3937359,8.0648775,1239,53,0.041021671
WI,2006,0.4505139,0.44629803,0.48973072,7.2727804,7.2047224,7.9058695,1297,57,0.04209749
WI,2007,0.44553286,0.44142914,0.48087433,7.1116414,7.0461373,7.6757655,1367,67,0.046722453
WI,2008,0.43895182,0.43381837,0.47852999,6.9278722,6.8468518,7.552525,1212,72,0.056074765
WI,2009,0.43027943,0.42343584,0.47960308,6.7196136,6.6127381,7.4898939,1179,73,0.058306709
WI,2010,0.42503187,0.41660529,0.47932205,6.5760808,6.4457054,7.4160571,1152,68,0.055737704
WI,2011,0.42281541,0.41293001,0.48198918,6.5005751,6.3485918,7.4103417,1069,69,0.060632691
WI,2012,0.41584885,0.40380654,0.48186684,6.3593607,6.1752038,7.3689394,1096,81,0.068819031
WI,2013,0.41179964,0.39990249,0.47570556,6.2757449,6.0944347,7.2496586,1115,82,0.068504594
WI,2014,0.40944311,0.39712688,0.4751651,6.2099977,6.0231981,7.206799,1247,87,0.065217391
WV,2006,0.13859312,0.14109105,0.11848341,4.1830854,4.2584791,3.5761242,569,17,0.029010238
WV,2007,0.13965291,0.14196967,0.11968504,4.1719856,4.2411962,3.5754662,624,21,0.032558139
WV,2008,0.13612735,0.13829009,0.11876833,4.0238447,4.0877743,3.5107222,629,29,0.044072948
WV,2009,0.12786582,0.12871972,0.12100139,3.7256141,3.7504938,3.5256057,678,27,0.038297873
WV,2010,0.1216376,0.12156993,0.12217796,3.518564,3.5166066,3.5341947,712,27,0.036535859
WV,2011,0.11841539,0.11859232,0.11693548,3.3910365,3.3961034,3.3486569,750,25,0.032258064
WV,2012,0.11534186,0.11530139,0.11570248,3.2713585,3.2702107,3.2815866,801,24,0.029090909
WV,2013,0.1139822,0.1149113,0.10578279,3.1864955,3.2124696,2.9572723,806,34,0.040476192
WV,2014,0.10462949,0.10573391,0.094972067,2.9028437,2.9334846,2.6349077,824,30,0.035128806
WY,2006,0.044687189,0.045108695,0.040229887,5.0003252,5.0474896,4.5015702,213,1,0.004672897
WY,2007,0.04502251,0.045730028,0.038043477,4.8698606,4.9463892,4.1149735,224,2,0.008849558
WY,2008,0.04904905,0.050583657,0.035175879,5.4503241,5.6208491,3.9087389,182,2,0.010869565
WY,2009,0.040378865,0.039598439,0.046948358,4.1847739,4.1038923,4.8656216,175,2,0.011299435
WY,2010,0.043052837,0.042763159,0.045454547,4.6819525,4.6504502,4.9431357,184,2,0.010752688
WY,2011,0.039962389,0.039287586,0.04587156,3.9446046,3.8779964,4.5278869,206,2,0.009615385
WY,2012,0.045727484,0.044501279,0.057142857,3.0727081,2.9903119,3.8397765,228,2,0.008695652
WY,2013,0.051011432,0.051941749,0.042056076,2.9137375,2.9668765,2.4022138,250,4,0.015748031
WY,2014,0.050212767,0.051893409,0.033175357,3.2980576,3.4084451,2.1790123,268,3,0.011070111