State,Year,LOS_Mean,LOS_MeanViolent,LOS_MeanAllExceptViol,LOS_MeanTop10,LOS_MeanBottom90,LOS_10plus_Pct,LOS_10plus_Num
"AK",2005,2.773108,4.041577,1.570785,12.48107,1.727374,5.27559,134
"AK",2006,2.834269,4.217446,1.562524,12.36711,1.791806,5.35233,139
"AK",2007,2.739217,4.173376,1.425532,13.21879,1.831914,4.574914,120
"AK",2008,2.69878,4.231721,1.337356,11.86198,1.697379,4,108
"AK",2009,2.649939,4.217357,1.285482,11.96268,1.65366,3.427005,100
"AK",2010,2.953037,4.538523,1.419065,12.70087,1.972742,3.743119,102
"AK",2011,2.821166,4.424239,1.289481,12.45731,1.780678,6.597455,197
"AK",2012,2.929801,4.461625,1.350398,13.15034,1.926031,11.43617,344
"AK",2013,3.488881,5.139494,1.554985,13.6901,2.417158,13.26291,339
"AL",2007,4.007902,6.14482,1.961014,17.43613,2.529643,13.11625,3456
"AL",2008,4.021576,6.08564,1.972276,17.63706,2.524365,13.29842,3631
"AL",2009,4.125507,6.224304,1.9932,18.01229,2.601246,13.48862,3764
"AL",2010,4.40264,6.51578,2.138337,18.63622,2.847366,14.11285,3907
"AL",2011,4.616382,6.90547,2.198594,19.06604,3.012461,14.4096,4021
"AL",2012,4.876413,7.349292,2.304138,19.76517,3.237089,14.97381,4203
"AL",2013,5.149741,7.734543,2.400574,20.43472,3.464609,15.57696,4317
"AL",2014,5.474267,7.95419,2.583083,21.17679,3.738092,17.59427,4745
"AZ",2000,2.930033,4.291775,1.953963,11.38684,1.991578,5.491448,1204
"AZ",2001,2.934644,4.393875,1.902549,11.79622,1.960881,5.922483,1389
"AZ",2002,2.90743,4.468891,1.826614,12.14538,1.890074,6.249502,1568
"AZ",2003,2.820332,4.485648,1.746647,12.24046,1.780706,6.133967,1728
"AZ",2004,2.861822,4.558727,1.79145,12.41664,1.804446,6.397761,1943
"AZ",2005,2.933571,4.73184,1.821307,12.84756,1.856918,6.554849,2083
"AZ",2006,2.917962,4.772557,1.798552,12.99242,1.814064,6.411675,2201
"AZ",2007,2.975888,4.871513,1.835842,13.24784,1.840835,6.49615,2362
"AZ",2008,3.01459,4.916922,1.863527,13.48034,1.858247,6.656553,2545
"AZ",2009,3.098412,4.921299,1.938221,13.77825,1.912731,6.816168,2693
"AZ",2010,3.307633,5.087373,2.082692,14.46932,2.080219,7.392907,2908
"AZ",2011,3.483373,5.319233,2.183864,14.95248,2.216597,7.847682,3081
"AZ",2012,3.625312,5.525548,2.259907,15.44405,2.316021,8.28939,3254
"AZ",2013,3.638332,5.59025,2.240298,15.65098,2.318763,8.294393,3337
"AZ",2014,3.650733,5.666455,2.225519,15.75255,2.315989,8.258701,3412
"CA",1992,2.019436,3.221225,1.060671,9.736911,1.171884,3.680741,3948
"CA",1993,2.058283,3.307655,1.059345,10.11102,1.180688,4.135361,4849
"CA",1994,2.161478,3.481299,1.086174,10.63862,1.233477,4.650936,5712
"CA",1995,2.192116,3.636722,1.061073,10.98338,1.22767,4.927923,6543
"CA",1996,2.250688,3.740841,1.095617,11.26578,1.251206,5.158309,7377
"CA",1997,2.31533,3.846788,1.128505,11.70386,1.288684,5.39389,8254
"CA",1998,2.459907,4.034324,1.201814,12.18761,1.383243,5.742589,9078
"CA",1999,2.665253,4.30056,1.304784,12.88391,1.533212,6.176644,9862
"CA",2000,2.875903,4.576306,1.394712,13.59166,1.686521,6.669918,10668
"CA",2001,3.144324,4.867481,1.516107,14.51388,1.893291,7.440051,11666
"CA",2002,3.316007,5.077273,1.57537,15.1093,2.006435,8.146954,12986
"CA",2003,3.493352,5.354466,1.619791,15.82442,2.134511,8.856721,14323
"CA",2004,3.680278,5.619778,1.677129,16.57449,2.272097,9.589133,15693
"CA",2005,3.823178,5.885122,1.686949,17.20046,2.35828,10.85001,18187
"CA",2006,3.964724,6.094909,1.720647,17.75151,2.433976,12.40652,21352
"CA",2007,4.206211,6.358037,1.823248,18.59566,2.61514,14.14283,24279
"CA",2008,4.426269,6.570111,1.912266,19.43155,2.772869,15.75285,27004
"CA",2009,4.698647,6.782992,2.054128,20.21234,2.9759,17.34502,29311
"CA",2010,5.053053,7.0452,2.25863,21.16137,3.27943,18.87749,30789
"CA",2011,5.766982,7.555823,2.77899,22.45164,3.927124,21.56865,31949
"CA",2012,6.603247,7.900578,3.664396,23.80455,4.70819,24.87051,33227
"CA",2013,6.584008,8.021689,3.257757,24.29698,4.635798,24.37212,32858
"CA",2014,6.755208,8.158153,3.273386,24.91472,4.751086,24.76433,33205
"CO",2000,3.018229,4.487053,1.843517,12.45982,1.97731,7.156095,1197
"CO",2001,3.090848,4.66816,1.840248,12.90665,2.016666,7.356163,1276
"CO",2002,3.109976,4.77709,1.834311,13.15751,1.997826,7.452951,1394
"CO",2003,3.183556,4.904646,1.868967,13.55376,2.032813,7.728409,1515
"CO",2004,3.323705,5.188229,1.93339,14.12726,2.133051,8.311932,1683
"CO",2005,3.336629,5.334901,1.907556,14.44365,2.114403,8.476395,1817
"CO",2006,3.34794,5.450191,1.88763,14.71633,2.087535,8.555268,1921
"CO",2007,3.378149,5.515173,1.855778,15.15801,2.08759,8.744198,1997
"CO",2008,3.440943,5.554317,1.896009,15.37357,2.126506,8.802756,2044
"CO",2009,3.630589,5.706713,1.98938,15.89114,2.268306,9.200703,2095
"CO",2010,3.851424,5.868453,2.144042,16.47391,2.450498,9.989909,2277
"CO",2011,4.161106,6.118536,2.311474,17.37626,2.708483,11.29434,2493
"CO",2012,4.317671,6.29806,2.269459,18.04687,2.798139,12.49027,2567
"CO",2013,4.263468,6.30844,2.103729,18.44702,2.70126,12.52332,2551
"CO",2014,4.393872,6.305809,2.163066,18.99372,2.788897,13.02223,2531
"DC",2007,3.589807,5.02239,1.804523,11.53484,2.729624,3.751655,255
"DC",2008,3.984362,5.495606,1.963386,12.48575,3.098078,4.158324,270
"DC",2009,4.31216,5.83984,2.091027,13.40777,3.396879,4.473469,274
"DC",2010,4.402295,5.99274,2.083122,13.55409,3.393658,6.022214,347
"DC",2011,4.537608,6.192707,2.108761,14.5478,3.564765,17.33403,1000
"DC",2012,4.829416,6.484272,2.273196,15.06571,3.744656,22.35751,1267
"DC",2013,5.276628,6.782875,2.595991,16.13025,4.135789,24.61768,1320
"DE",2009,4.205735,6.462153,2.509949,17.05576,2.783131,11.29802,450
"DE",2010,4.315315,6.533189,2.565549,17.66655,2.845286,11.8229,478
"DE",2011,4.332873,6.637345,2.495155,18.03622,2.827011,14.89863,632
"DE",2012,4.38377,6.852742,2.443163,18.77352,2.91442,15.12249,679
"DE",2013,4.559285,7.149484,2.482571,19.92613,3.120275,15.66105,706
"DE",2014,4.656568,7.419693,2.519487,19.34175,3.037184,15.47114,729
"FL",1996,4.048936,5.117666,2.82127,15.5004,2.78018,8.003044,5363
"FL",1997,4.117127,5.216336,2.789021,16.06795,2.81418,8.123543,5434
"FL",1998,4.137783,5.37013,2.664337,16.24683,2.795531,8.236681,5660
"FL",1999,4.110755,5.493401,2.519287,16.70517,2.739269,9.146022,6457
"FL",2000,4.08379,5.670628,2.349355,16.97675,2.654837,10.71052,7816
"FL",2001,4.164663,5.861025,2.334248,17.6442,2.700299,12.10156,8956
"FL",2002,4.186515,6.001898,2.302495,17.98106,2.670258,12.62885,9679
"FL",2003,4.148942,6.05337,2.249727,18.24284,2.60143,12.43995,10074
"FL",2004,4.194211,6.179055,2.251374,18.59389,2.604161,12.2985,10338
"FL",2005,4.271211,6.286174,2.285708,19.0059,2.639203,12.07651,10430
"FL",2006,4.317956,6.471524,2.271182,19.36085,2.65369,12.13893,10943
"FL",2007,4.331089,6.559052,2.269711,19.60055,2.645728,12.27115,11656
"FL",2008,4.356191,6.598198,2.300342,19.79037,2.660131,12.47354,12432
"FL",2009,4.492368,6.700461,2.412691,20.12642,2.763387,13.01074,13237
"FL",2010,4.664089,6.873615,2.537287,20.64595,2.90311,13.71513,14120
"FL",2011,4.873954,7.109507,2.673319,21.22856,3.07127,14.55561,14831
"FL",2012,5.10445,7.27763,2.843537,21.85555,3.247487,15.4572,15562
"FL",2013,5.209267,7.429767,2.877088,22.31998,3.308389,16.06071,16296
"FL",2014,5.386894,7.633449,2.965186,22.97414,3.440785,16.775,16775
"GA",1971,3.752815,4.088768,3.385356,22.16759,1.711717,7.577127,587
"GA",1972,3.601213,3.857574,3.299133,21.57134,1.633461,6.68006,532
"GA",1973,3.453294,3.699988,3.147527,20.61655,1.585597,5.968276,523
"GA",1974,3.268529,3.528546,2.947129,19.13568,1.52677,5.125051,500
"GA",1975,3.164332,3.422129,2.831039,17.9134,1.530178,4.632994,510
"GA",1976,2.878125,3.361756,2.292958,14.59414,1.588189,3.813347,456
"GA",1977,2.933304,3.462958,2.29655,14.69046,1.630707,3.863563,478
"GA",1978,3.021588,3.569022,2.332529,15.61023,1.649494,4.281525,511
"GA",1979,3.096393,3.732361,2.332659,15.50559,1.725899,4.387137,558
"GA",1980,3.109524,3.810879,2.258397,15.88107,1.690832,4.687378,602
"GA",1981,3.158872,3.788743,2.326754,16.16569,1.718432,4.897711,644
"GA",1982,2.800675,3.568753,1.909865,15.40342,1.420704,4.433761,664
"GA",1983,2.833051,3.509076,2.015172,15.25221,1.455321,4.425235,686
"GA",1984,2.884129,3.572648,2.010747,15.5933,1.489132,4.474956,704
"GA",1985,2.954019,3.672591,2.013762,15.8224,1.538261,4.754048,778
"GA",1986,2.91011,3.709157,1.897577,15.65726,1.503005,4.890715,857
"GA",1987,2.911293,3.724117,1.857392,15.6743,1.508155,4.960499,923
"GA",1988,3.101481,3.857869,2.038235,16.10069,1.665156,5.310536,997
"GA",1989,2.870207,3.652569,1.776747,15.6211,1.46937,5.03618,1044
"GA",1990,2.836479,3.640083,1.764558,15.38527,1.4597,4.860175,1081
"GA",1991,2.839966,3.67707,1.764213,15.25843,1.486481,4.726886,1112
"GA",1992,2.811291,3.663207,1.742884,14.8916,1.471273,4.676259,1183
"GA",1993,2.734539,3.671357,1.664735,14.4735,1.43696,4.556935,1281
"GA",1994,2.750003,3.76478,1.70205,13.90874,1.532342,4.336758,1448
"GA",1995,2.978791,3.994779,1.86773,14.48283,1.728643,4.863054,1669
"GA",1996,3.209099,4.212665,2.022919,14.97546,1.915986,5.445095,1917
"GA",1997,3.400109,4.431405,2.051267,15.60956,2.074154,6.174258,2257
"GA",1998,3.58837,4.680795,2.144044,15.79159,2.245981,6.519963,2554
"GA",1999,3.672536,4.828849,2.16367,16.14804,2.3099,7.068388,2956
"GA",2000,3.875939,5.14358,2.267736,16.46655,2.489613,7.696142,3397
"GA",2001,4.057265,5.397669,2.342702,16.9595,2.644639,8.427234,3889
"GA",2002,4.233394,5.655162,2.371497,17.57837,2.774134,9.518674,4501
"GA",2003,4.453105,5.94001,2.385221,18.33821,2.922834,10.81453,5105
"GA",2004,4.546304,6.110464,2.302682,18.92355,2.962482,11.84623,5710
"GA",2005,4.612352,6.273196,2.242896,19.40202,2.986687,12.38068,6122
"GA",2006,4.470765,6.302303,2.078904,19.44645,2.825006,12.44685,6616
"GA",2007,4.476734,6.349742,2.083408,19.6618,2.79264,12.91044,7101
"GA",2008,4.733701,6.577374,2.250261,20.58818,2.994833,13.99575,7447
"GA",2009,4.63864,6.504816,2.07304,19.9953,2.949439,14.51361,7815
"GA",2010,4.751659,6.588622,2.111946,20.55039,3.011518,14.99991,7981
"GA",2011,4.730136,6.572343,2.033564,20.88856,2.949908,15.10007,8005
"GA",2012,4.775175,6.637097,2.088301,21.30682,2.974846,14.95288,8123
"GA",2013,4.989367,6.775468,2.194268,22.00439,3.108819,15.53436,8243
"GA",2014,5.1674,6.972177,2.252311,22.68707,3.22168,16.10529,8425
"IA",2006,2.970644,5.857628,1.518076,15.279,1.621936,6.927158,679
"IA",2007,3.208402,6.142776,1.68907,16.01187,1.79785,7.829585,759
"IA",2008,3.356109,6.389919,1.782087,16.59904,1.886529,8.25328,799
"IA",2009,3.586335,6.743055,1.878714,17.57935,2.037374,9.325073,858
"IA",2010,3.552694,6.793811,1.80886,17.93675,1.971829,9.37661,910
"IA",2011,3.684573,6.932252,1.830641,18.6403,2.034558,10.14118,941
"IA",2012,3.7305,6.925986,1.745169,19.44484,2.008166,10.85419,967
"IA",2013,3.763686,7.030447,1.725217,20.1374,1.95938,11.2964,989
"IA",2014,3.854855,7.166007,1.688908,20.5823,2.007056,11.58516,1040
"IL",1989,2.469763,3.721018,1.124342,10.56255,1.579332,4.04948,1005
"IL",1990,2.432154,3.76851,1.116498,10.85131,1.513265,4.524429,1252
"IL",1991,2.500578,3.802413,1.199278,11.20954,1.544596,5.037964,1473
"IL",1992,2.465709,3.776711,1.185051,11.31137,1.492216,5.284247,1688
"IL",1993,2.481619,3.85701,1.200306,11.39093,1.495768,5.488383,1911
"IL",1994,2.560667,3.989067,1.247665,11.68167,1.547619,5.6054,2068
"IL",1995,2.680121,4.197568,1.302228,12.10662,1.643451,5.88637,2241
"IL",1996,2.77741,4.415942,1.34127,12.50033,1.714947,6.13745,2413
"IL",1997,2.81414,4.564501,1.3476,12.68859,1.724116,6.147402,2539
"IL",1998,2.84136,4.644505,1.363377,12.84029,1.73269,6.205267,2705
"IL",1999,2.938705,4.834973,1.41028,13.24207,1.809667,6.543922,2950
"IL",2000,3.048555,5.101655,1.433021,13.72095,1.887367,7.036266,3211
"IL",2001,3.1603,5.374418,1.423788,14.16956,1.938995,7.709695,3445
"IL",2002,3.296445,5.586648,1.411014,14.91005,2.018225,8.745486,3754
"IL",2003,3.343925,5.689573,1.377801,15.35722,2.023332,9.394371,4092
"IL",2004,3.363103,5.812345,1.325939,15.72708,2.00745,9.881119,4372
"IL",2005,3.402578,5.894019,1.307087,16.09389,1.995871,10.37274,4678
"IL",2006,3.478204,6.056822,1.323833,16.58166,2.033405,10.81242,4895
"IL",2007,3.567319,6.228443,1.349805,17.07444,2.07548,11.34791,5133
"IL",2008,3.656338,6.325449,1.379059,17.58797,2.126353,11.98567,5453
"IL",2009,3.781681,6.51438,1.415826,18.13276,2.199659,12.5238,5657
"IL",2010,3.722673,6.549144,1.431803,18.17946,2.116843,12.00793,5811
"IL",2011,3.894382,6.752255,1.563153,18.74358,2.261093,12.30747,5953
"IL",2012,3.956682,6.856908,1.584074,19.10772,2.280837,12.50332,6119
"IL",2013,4.07778,6.968511,1.612406,19.73312,2.358776,12.97313,6286
"IN",2002,3.300828,4.735764,2.315809,14.21518,2.099726,7.978927,1666
"IN",2003,3.178924,4.789647,2.159047,13.93245,1.990444,7.454,1665
"IN",2004,3.223814,4.877733,2.178332,14.03667,2.031899,7.285696,1665
"IN",2005,3.189266,4.984673,2.094107,13.95095,2.000038,7.409737,1767
"IN",2006,3.15604,4.959517,2.066987,13.92599,1.963998,7.383011,1827
"IN",2007,3.078321,4.892333,1.984182,13.74449,1.896147,7.268161,1910
"IN",2008,3.124301,4.998775,2.009191,13.88568,1.9331,7.600915,2060
"IN",2009,3.151924,5.045641,2.026386,13.99592,1.956153,8.006059,2220
"IN",2010,3.226671,5.230762,2.049038,14.29678,2.019225,8.386305,2322
"IN",2011,3.2913,5.357283,2.089051,14.46727,2.050262,9.364655,2631
"IN",2012,3.444638,5.486999,2.196747,14.99126,2.174366,10.15256,2815
"IN",2013,3.482575,5.630861,2.200195,15.25416,2.187247,10.41448,2970
"IN",2014,3.680055,5.878057,2.338368,15.74576,2.350031,11.03391,3065
"KS",2011,4.420287,6.266275,1.595172,19.63343,2.747166,14.20474,1253
"KS",2012,4.523463,6.407536,1.695812,20.14711,2.81232,14.38087,1317
"KS",2013,4.569108,6.474233,1.735728,20.38569,2.821512,14.03228,1313
"KS",2014,4.662908,6.641844,1.770939,20.73439,2.878041,14.16595,1318
"KY",2000,2.754082,4.266497,1.71752,11.9365,1.75356,5.681965,879
"KY",2001,2.733839,4.42598,1.633782,12.17994,1.699628,5.874633,940
"KY",2002,2.682853,4.379087,1.546933,12.41361,1.619762,5.897153,961
"KY",2003,2.630299,4.470893,1.45062,12.56549,1.534056,6.005362,1008
"KY",2004,2.555069,4.552116,1.390883,12.54323,1.44621,5.818498,1072
"KY",2005,2.515914,4.59827,1.34334,12.72033,1.39209,5.92241,1148
"KY",2006,2.549534,4.726524,1.337168,12.9779,1.39916,6.193323,1243
"KY",2007,2.424216,4.684375,1.257414,12.33356,1.334356,5.416069,1208
"KY",2008,2.644232,4.869135,1.389806,12.98041,1.517864,5.806153,1255
"KY",2009,2.711368,5.077328,1.408489,13.18214,1.57084,5.855856,1274
"KY",2010,2.832427,5.329845,1.412494,13.70016,1.636924,6.162424,1271
"KY",2011,2.78471,5.385203,1.375917,13.73167,1.588278,5.986175,1299
"KY",2012,2.828876,5.488785,1.424314,13.84852,1.610474,6.166688,1411
"KY",2013,3.000935,5.687487,1.416528,14.79586,1.692176,7.266371,1538
"KY",2014,3.057863,5.908086,1.407611,15.25016,1.715181,7.70722,1630
"MA",2010,5.135232,7.110919,2.295928,22.52745,3.206378,15.81658,1597
"MA",2011,5.240463,7.131872,2.452979,22.92977,3.287573,15.65158,1601
"MA",2012,5.58285,7.413402,2.564993,24.19806,3.550275,16.74094,1653
"MA",2013,5.87302,7.723137,2.542479,25.26166,3.726062,17.91944,1695
"MA",2014,6.068772,7.90769,2.529711,26.12758,3.845896,18.53811,1717
"MD",2000,4.592836,6.598365,2.176143,18.77069,3.025369,13.89543,3128
"MD",2001,4.608192,6.67098,2.039016,19.29529,2.980795,14.48634,3208
"MD",2002,4.622148,6.726535,1.986184,19.73004,2.954268,14.71321,3309
"MD",2003,4.75929,6.878546,1.995531,20.37744,3.035564,15.4047,3422
"MD",2004,4.82937,7.008175,1.940422,20.90128,3.052707,15.69929,3454
"MD",2005,4.930264,7.086318,1.90379,21.48726,3.093227,16.15215,3516
"MD",2006,4.953636,7.120389,1.854394,22.00731,3.076765,16.35985,3617
"MD",2007,4.901019,7.039647,1.809693,22.28745,2.971079,16.01494,3645
"MD",2008,5.010386,7.058343,1.8411,22.85754,3.034745,16.30684,3701
"MD",2009,5.27071,7.221971,2.015384,23.70717,3.235516,17.09506,3771
"MD",2010,5.304066,7.19505,2.004722,24.21556,3.216138,17.0924,3794
"MD",2011,5.331282,7.166611,2.095335,24.53492,3.210036,16.70035,3801
"MD",2012,5.642313,7.589133,2.215979,25.44558,3.452403,17.73904,3857
"ME",2012,3.269084,4.857741,1.562817,16.69527,1.791359,8.895185,157
"ME",2013,3.252674,4.897931,1.596905,16.53076,1.78081,8.492569,160
"ME",2014,3.291145,4.948643,1.673993,16.69368,1.817248,8.264887,161
"MI",1989,2.457412,3.605353,1.330152,9.992826,1.63517,3.542647,1099
"MI",1990,2.601273,3.78069,1.43821,10.41004,1.757652,3.764,1267
"MI",1991,2.760791,3.932974,1.557792,10.81972,1.884095,4.089871,1469
"MI",1992,2.965557,4.164154,1.696296,11.36132,2.051201,4.521984,1734
"MI",1993,3.285174,4.447653,1.889483,12.15476,2.320246,5.357235,2065
"MI",1994,3.558499,4.747392,2.042861,12.77867,2.54959,6.258773,2497
"MI",1995,3.87037,5.086892,2.209821,13.55631,2.815628,7.551041,3055
"MI",1996,4.032201,5.364301,2.23044,14.13894,2.920939,8.64486,3626
"MI",1997,4.175334,5.61614,2.287174,14.6668,3.022678,9.59683,4287
"MI",1998,4.377283,5.888562,2.361372,15.37514,3.176273,10.75196,4933
"MI",1999,4.615974,6.202653,2.485255,16.05964,3.361733,12.58053,5897
"MI",2000,4.795197,6.450591,2.574886,16.63621,3.485128,14.15977,6874
"MI",2001,4.940282,6.672328,2.596691,17.2966,3.573073,15.71036,7839
"MI",2002,5.036443,6.894188,2.563425,17.96794,3.616117,16.97461,8691
"MI",2003,5.27964,7.159039,2.569979,18.84905,3.786821,18.40616,9204
"MI",2004,5.454742,7.414608,2.548477,19.67588,3.8992,19.31735,9559
"MI",2005,5.602541,7.629123,2.583089,20.34969,3.980689,19.84812,9932
"MI",2006,5.647106,7.775065,2.552211,20.8627,3.966332,19.86242,10337
"MI",2007,5.87859,7.99201,2.64345,21.65597,4.127507,20.70401,10493
"MI",2008,6.152822,8.27344,2.789947,22.55837,4.344392,21.48351,10531
"MI",2009,6.258787,8.406178,2.844284,23.39022,4.375658,21.49836,9814
"MI",2010,6.215582,8.471,2.818108,23.98922,4.252854,21.33333,9456
"MI",2011,6.40201,8.638628,2.944313,24.76274,4.366137,21.82451,9402
"MI",2012,6.444576,8.779403,2.955564,25.35563,4.354377,21.90841,9549
"MI",2013,6.541116,8.880972,3.008454,25.97199,4.385512,22.32087,9654
"MN",1994,3.080529,2.682772,3.69793,18.68042,1.390869,3.75,165
"MN",1995,3.09346,2.752922,3.629552,18.49833,1.393897,3.772757,172
"MN",1996,3.122411,2.905739,3.446691,18.29428,1.450579,3.825476,185
"MN",1997,2.40151,3.188625,1.156811,10.1123,1.569054,3.50613,163
"MN",1998,3.139912,3.649963,1.626254,12.02381,2.157114,5.49351,182
"MN",1999,2.361273,3.19522,1.14166,10.19926,1.512861,3.501424,209
"MN",2000,2.470951,3.361181,1.223175,10.55451,1.590032,3.966327,245
"MN",2001,2.517324,3.499199,1.267422,10.99243,1.610587,4.05832,270
"MN",2002,2.494943,3.619806,1.257296,11.12051,1.553462,4.410944,316
"MN",2003,2.529124,3.690141,1.339893,11.35576,1.554639,4.501566,345
"MN",2004,2.560434,3.791872,1.387972,11.70144,1.54931,5.223972,428
"MN",2005,2.677332,3.88848,1.494087,12.29389,1.627241,6.00874,495
"MN",2006,2.89903,4.116557,1.566774,13.20647,1.765931,7.26748,554
"MN",2007,3.57293,4.663615,1.854377,15.12964,2.293996,10.01546,583
"MN",2008,2.890666,4.185364,1.560075,13.50344,1.714548,7.274087,681
"MN",2009,2.869706,4.20787,1.503577,13.82067,1.663582,7.330808,716
"MN",2010,2.951475,4.354005,1.486544,14.38177,1.693129,7.772021,750
"MN",2011,2.985872,4.421632,1.461014,14.78041,1.67841,8.066875,772
"MN",2012,3.039936,4.562277,1.457788,15.18658,1.697565,7.983929,775
"MN",2013,3.101497,4.527931,1.530741,15.46515,1.729778,8.296854,815
"MN",2014,2.966535,4.305808,1.386983,15.67228,1.558598,8.041847,761
"MO",2000,3.472052,5.403653,1.818066,14.26111,2.273824,8.664314,2284
"MO",2001,3.300482,5.326246,1.617713,13.80941,2.135719,8.139778,2334
"MO",2002,3.366832,5.412076,1.616536,14.23086,2.167868,8.706401,2606
"MO",2003,3.478683,5.603622,1.644974,14.79232,2.235573,9.610718,2891
"MO",2004,3.481413,5.725724,1.577512,15.19718,2.193563,10.18564,3144
"MO",2005,3.535883,5.791309,1.574456,15.6717,2.203287,10.74548,3383
"MO",2006,3.695175,5.938695,1.637362,16.31327,2.306304,11.49809,3582
"MO",2007,3.834943,6.188963,1.659199,16.99219,2.387329,12.21064,3782
"MO",2008,3.916738,6.196699,1.715346,17.43758,2.414422,12.53571,3861
"MO",2009,4.024646,6.252693,1.774953,18.00495,2.487668,12.78591,3941
"MO",2010,4.131803,6.376934,1.828168,18.46148,2.541915,13.08867,4030
"MO",2011,4.250376,6.585298,1.856878,19.02895,2.615214,13.75295,4252
"MO",2012,4.292477,6.707907,1.864812,19.41136,2.61636,14.06645,4399
"MO",2013,4.296431,6.823483,1.839883,19.79075,2.594597,14.00749,4416
"MO",2014,4.323865,6.907257,1.869819,20.16596,2.577318,14.01489,4443
"MS",2004,3.638445,5.836605,2.094053,14.7355,2.42394,8.094156,1568
"MS",2005,3.76374,6.01118,2.139384,15.22198,2.504706,8.723773,1713
"MS",2006,3.693517,6.003778,2.08272,15.34405,2.413191,9.139682,1908
"MS",2007,3.779002,6.096328,2.157481,15.69636,2.459735,9.966793,2131
"MS",2008,3.779637,6.022232,2.144805,16.00958,2.428522,10.31294,2264
"MS",2009,3.806361,6.010641,1.955361,16.67647,2.394394,10.69918,2277
"MS",2010,3.967377,6.250155,1.958802,17.33644,2.495312,11.35148,2377
"MS",2011,4.04653,6.472368,1.948732,17.70144,2.5431,11.57355,2461
"MS",2012,4.053047,6.630938,1.895259,17.80219,2.531094,11.52231,2525
"MS",2013,4.346806,6.980491,2.03357,18.65669,2.763238,12.47087,2676
"MS",2014,5.045789,7.302644,2.286308,20.4333,3.344837,15.48064,2815
"MT",2010,3.277939,4.501984,1.861575,13.58917,2.14504,10.18109,253
"MT",2011,3.360002,4.550647,1.92749,14.30259,2.1479,10.32845,261
"MT",2012,3.608756,4.854675,2.095453,15.12926,2.332173,10.99349,270
"MT",2013,3.600574,4.873816,2.02478,15.82309,2.252222,10.94127,272
"MT",2014,3.581137,4.875401,1.998501,16.15277,2.186738,10.65509,270
"NC",1999,4.144114,5.137803,3.018374,15.44199,2.910644,9.15718,2550
"NC",2000,4.171533,5.276852,2.881097,15.88768,2.87588,10.07174,2822
"NC",2001,4.217542,5.384034,2.812291,16.39122,2.892697,11.1365,3168
"NC",2002,4.266719,5.530195,2.758553,16.73575,2.902686,12.15127,3602
"NC",2003,4.360199,5.715409,2.75141,17.11344,2.963773,13.18295,3974
"NC",2004,4.339839,5.787268,2.694731,17.39666,2.917304,13.45367,4241
"NC",2005,4.391102,5.928731,2.675968,17.57562,2.927015,13.44535,4329
"NC",2006,4.418679,6.0378,2.640565,17.88456,2.936288,13.10241,4331
"NC",2007,4.473046,6.18522,2.64863,18.10606,2.966717,13.24173,4481
"NC",2008,4.435834,6.221867,2.603081,18.2121,2.909838,13.10457,4598
"NC",2009,4.488948,6.301369,2.64289,18.44928,2.948615,13.27577,4736
"NC",2010,4.599192,6.454785,2.686847,18.89625,3.029262,13.80822,4978
"NC",2011,4.774168,6.736097,2.771269,19.44131,3.154393,14.55622,5212
"NC",2012,4.961258,7.026046,2.86234,20.12666,3.297716,15.45796,5431
"NC",2013,5.069186,7.367948,2.836571,20.74845,3.34152,15.98896,5619
"NC",2014,5.141917,7.640132,2.809731,21.35164,3.356272,16.48166,5850
"ND",2002,1.992043,3.536222,1.119808,9.607461,1.147561,2.762923,31
"ND",2003,1.868507,3.304136,1.049202,9.493657,1.038182,3.109656,38
"ND",2004,1.939266,3.443603,1.088032,9.853437,1.08571,3.582555,46
"ND",2005,1.970359,3.626955,1.078494,9.962761,1.114269,3.325775,44
"ND",2006,2.050865,3.643883,1.050511,10.33238,1.163322,4.002911,55
"ND",2007,2.10488,3.667612,1.102234,10.75321,1.17215,4.294918,60
"ND",2008,2.107424,3.491078,1.100981,11.00407,1.127228,4.272915,62
"ND",2009,2.103757,3.495674,1.125782,11.11012,1.125238,4.533333,68
"ND",2010,2.275408,3.52564,1.255279,11.51354,1.256649,5,74
"ND",2011,2.488023,3.690842,1.40232,12.23218,1.418633,5.117566,74
"ND",2012,2.409539,3.652718,1.301589,12.25093,1.339823,4.96732,76
"ND",2013,2.268329,3.4685,1.207814,11.54622,1.262452,4.247104,66
"ND",2014,2.236267,3.528431,1.137787,11.66597,1.189211,4.198699,71
"NE",2000,3.366856,5.227319,1.860071,15.8867,1.988786,8.177869,320
"NE",2001,3.418623,5.297946,1.852375,16.29124,2.000422,8.248731,325
"NE",2002,3.373255,5.304076,1.760154,16.39476,1.933961,8.44653,342
"NE",2003,3.428777,5.359658,1.728275,16.70219,1.962443,9.133547,370
"NE",2004,3.417122,5.223051,1.675474,16.82472,1.953283,9.427032,385
"NE",2005,3.358635,5.003794,1.645659,16.97821,1.84802,9.530293,420
"NE",2006,3.473504,5.484672,1.545344,17.49459,1.929865,9.665598,422
"NE",2007,3.565213,5.530384,1.585873,17.6701,2.019088,9.541985,425
"NE",2008,3.67463,5.524298,1.6591,18.25536,2.075148,9.683217,431
"NE",2009,3.772653,5.608026,1.710348,18.56312,2.153578,10.04444,452
"NE",2010,3.812328,5.75468,1.668495,18.92886,2.158504,10.27249,475
"NE",2011,3.739009,5.705537,1.598535,18.80803,2.073596,9.868558,473
"NE",2012,3.804162,5.916471,1.577428,19.1319,2.108206,9.857681,471
"NE",2013,3.716088,5.946541,1.552307,18.91681,2.047433,9.714286,493
"NE",2014,3.792833,5.929505,1.697978,18.74125,2.132929,9.770651,524
"NH",2011,3.828918,5.482175,1.88536,16.69653,2.410713,10.93624,271
"NH",2012,3.737418,5.571166,1.787628,16.88603,2.283219,10.37486,274
"NH",2013,3.80666,5.60254,1.868183,17.51699,2.318405,10.62382,281
"NH",2014,3.965385,5.846454,1.928435,17.9985,2.408801,11.51492,301
"NJ",2003,3.2892,5.172632,1.91459,15.90638,1.911451,7.99986,2281
"NJ",2004,3.346895,5.220603,1.911227,16.45363,1.907797,8.356991,2355
"NJ",2005,3.39884,5.269026,1.94184,16.77208,1.924828,8.571527,2471
"NJ",2006,3.476537,5.373318,1.933433,17.24611,1.947781,8.866198,2518
"NJ",2007,3.59855,5.491228,1.993125,17.90779,2.017818,9.187444,2561
"NJ",2008,3.792716,5.636836,2.119564,18.67525,2.141016,9.799762,2633
"NJ",2009,3.968028,5.79376,2.227931,19.45984,2.254416,10.38912,2734
"NJ",2010,4.103718,5.918663,2.314067,20.1944,2.322603,10.82196,2807
"NJ",2011,4.014977,5.91569,1.982805,18.74116,2.386291,10.53726,2585
"NJ",2012,4.098494,5.978275,1.988608,19.26357,2.433334,10.96807,2573
"NJ",2013,4.158798,6.032799,1.898571,19.5144,2.466523,11.63012,2567
"NM",2010,3.12814,4.334652,1.285784,14.51241,1.865112,6.862012,459
"NM",2011,3.256265,4.535665,1.330147,14.7513,1.98161,7.369375,488
"NM",2012,3.372046,4.77587,1.394066,15.20493,2.06377,8.02963,542
"NM",2013,3.492585,5.212379,1.415727,15.85976,2.151204,9.229194,631
"NM",2014,3.54879,5.88854,1.429638,16.21246,2.149154,10.11106,701
"NV",2008,3.770405,5.63876,1.852698,16.59411,2.363707,10.62228,1369
"NV",2009,3.958136,5.869826,1.871848,17.27506,2.489436,11.47372,1445
"NV",2010,4.120029,6.123889,1.917737,17.82295,2.603577,12.23869,1528
"NV",2011,4.199672,6.278876,1.946539,18.27056,2.655489,12.49102,1565
"NV",2012,4.319608,6.455062,2.018969,18.76438,2.721977,12.94565,1634
"NV",2013,4.422281,6.625451,2.079362,19.21442,2.783291,13.50376,1722
"NV",2014,4.556679,6.918569,2.086015,19.84515,2.861412,14.28458,1796
"NY",1994,2.557338,3.817846,1.488788,10.93855,1.635226,4.911479,3268
"NY",1995,2.704706,4.033168,1.566205,11.3659,1.74312,5.36654,3661
"NY",1996,2.896653,4.313366,1.649649,12.0216,1.901098,6.100215,4233
"NY",1997,3.142444,4.652191,1.756946,12.68877,2.086683,6.866915,4714
"NY",1998,3.357488,4.944166,1.868962,13.34208,2.263889,7.410925,5150
"NY",1999,3.558469,5.192915,1.99889,13.88633,2.41801,8.182895,5802
"NY",2000,3.769999,5.503127,2.069839,14.62683,2.575464,8.991979,6255
"NY",2001,4.00656,5.779036,2.172457,15.41548,2.749365,10.22993,6825
"NY",2002,4.134065,5.956855,2.203786,16.05011,2.824742,11.18075,7386
"NY",2003,4.240994,6.13923,2.166439,16.72938,2.865961,12.35307,7966
"NY",2004,4.401738,6.365405,2.18029,17.45656,2.958878,13.48793,8492
"NY",2005,4.514537,6.547434,2.140333,18.1927,3.009282,14.73835,9131
"NY",2006,4.540867,6.670689,2.095073,18.70926,2.985612,15.18133,9473
"NY",2007,4.58869,6.787754,2.089131,19.13599,2.984688,15.66507,9663
"NY",2008,4.7581,7.016072,2.167562,19.7721,3.094835,16.35963,9724
"NY",2009,4.865706,7.112683,2.22677,20.35848,3.1571,16.79457,9695
"NY",2010,4.951972,7.172082,2.23027,20.87772,3.202015,17.00871,9473
"NY",2011,5.013972,7.282451,2.234786,21.3072,3.209114,17.03538,9279
"NY",2012,5.066725,7.349981,2.261167,21.71855,3.230547,17.16622,9152
"NY",2013,5.082728,7.388912,2.267816,22.03027,3.210696,17.19663,9064
"NY",2014,5.119957,7.512165,2.289721,22.29816,3.21651,17.25004,8930
"OH",2009,4.109599,6.034573,1.76889,18.90631,2.473596,12.28376,5915
"OH",2010,4.230552,6.157253,1.863416,19.35263,2.554606,12.35195,6080
"OH",2011,4.482986,6.45401,2.006899,20.21017,2.749337,13.03102,6368
"OH",2012,4.672863,6.700038,2.101511,20.81468,2.885132,13.52222,6591
"OH",2013,4.86352,6.984005,2.135862,21.58319,3.016718,14.13746,6825
"OK",2000,4.496154,6.608814,3.302599,16.54372,3.177586,12.98846,2915
"OK",2001,4.438881,6.710032,3.074882,17.07394,3.045786,13.23794,2942
"OK",2002,4.386782,6.842909,2.913418,17.5092,2.940388,13.66868,3095
"OK",2003,4.400594,6.969409,2.805525,17.89285,2.915026,13.64779,3096
"OK",2004,4.332234,6.985271,2.67443,18.00956,2.814041,13.28734,3120
"OK",2005,4.409136,6.993849,2.687795,18.47096,2.863034,13.59967,3251
"OK",2006,4.436811,6.972744,2.715349,18.60914,2.863249,13.50404,3312
"OK",2007,4.540231,7.106803,2.733974,19.20256,2.912757,13.84386,3442
"OK",2008,4.612841,7.226448,2.699382,19.80035,2.936578,14.0104,3504
"OK",2009,4.642755,7.240715,2.677018,20.14452,2.924721,13.73084,3475
"OK",2010,4.697877,7.282255,2.721451,20.475,2.954035,13.61891,3440
"OK",2011,4.821188,7.407555,2.78166,20.92614,3.032145,14.28286,3580
"OK",2012,4.880498,7.526187,2.821851,21.25442,3.069609,14.49668,3750
"OK",2013,4.93666,7.689358,2.783793,21.61943,3.091806,14.59223,3863
"OK",2014,4.680236,7.538908,2.493345,21.56209,2.818607,13.725,3843
"OR",2001,3.424352,4.096563,2.041519,13.90377,2.266957,7.862471,917
"OR",2002,3.464923,4.273153,1.917295,14.08239,2.295381,7.704759,952
"OR",2003,3.526948,4.32468,1.990309,14.44569,2.331131,7.621551,986
"OR",2004,3.56826,4.443311,1.95015,14.61876,2.341545,7.821937,1049
"OR",2005,3.638399,4.555872,1.964286,14.993,2.385204,8.223298,1121
"OR",2006,3.744708,4.684619,2.014503,15.38904,2.458118,8.979885,1250
"OR",2007,3.865922,4.848504,2.068537,15.88282,2.550065,9.493042,1337
"OR",2008,3.989674,4.944835,2.153499,16.32757,2.628665,10.06763,1444
"OR",2009,4.079385,5.035409,2.162979,16.84125,2.667155,10.99772,1595
"OR",2010,4.173977,5.178277,2.157739,17.256,2.725826,11.44302,1674
"OR",2011,4.283472,5.353379,2.211437,17.69948,2.793708,11.97433,1754
"OR",2012,4.332475,5.444216,2.248789,18.17425,2.814107,12.38979,1855
"OR",2013,4.146185,5.511936,1.800117,17.31962,2.689526,11.71953,1755
"PA",2001,4.35251,6.036849,1.988083,17.6711,2.883981,14.01479,4966
"PA",2002,4.205812,6.000403,1.848778,17.71806,2.708139,13.08963,5031
"PA",2003,4.225437,6.119676,1.788973,18.07525,2.687474,12.83557,5092
"PA",2004,4.290886,6.293278,1.763745,18.55012,2.710824,13.47102,5407
"PA",2005,4.304979,6.321631,1.740178,18.85149,2.691928,13.64737,5693
"PA",2006,4.301847,6.448541,1.709169,19.16405,2.654805,13.44735,5889
"PA",2007,4.319961,6.521234,1.72253,19.50631,2.638314,13.45888,6125
"PA",2008,4.241409,6.53437,1.699253,19.65966,2.539882,13.12835,6409
"PA",2009,4.311385,6.650432,1.760525,19.9334,2.579608,13.23973,6761
"PA",2010,4.475935,6.859047,1.831493,20.6203,2.704705,13.76876,7001
"PA",2011,4.592266,7.027347,1.848694,21.23389,2.761814,14.04225,7152
"PA",2012,4.773603,7.164358,1.902131,21.97895,2.881963,14.63941,7261
"PA",2013,4.840976,7.522786,1.84845,22.46551,2.899073,14.80968,7470
"PA",2014,5.138126,7.805251,1.999951,23.36439,3.118522,15.58553,7662
"RI",2004,3.345548,4.3253,1.486264,13.29079,2.245694,7.323498,139
"RI",2005,3.158011,4.250169,1.287341,13.60217,2.019445,7.986767,169
"RI",2006,3.179197,4.282716,1.317855,14.08618,1.977768,9.327847,204
"RI",2007,2.955169,4.193025,1.245805,13.91444,1.763734,8.733624,220
"RI",2008,3.064537,4.285062,1.354879,14.3068,1.837215,8.661417,220
"RI",2009,3.361881,4.569044,1.472229,15.02225,2.077215,9.476978,212
"RI",2010,3.54324,4.672686,1.51653,15.78816,2.194879,10.20408,215
"RI",2011,3.607744,4.737897,1.574997,16.07641,2.237929,10.38146,215
"RI",2012,3.75873,4.995059,1.599389,16.7717,2.31685,11.87032,238
"RI",2013,3.727042,5.136157,1.510569,17.20345,2.251875,11.57215,251
"RI",2014,3.837512,5.44665,1.584011,17.85049,2.305844,11.27406,246
"SC",2000,3.52026,5.304179,2.120365,14.5239,2.313708,8.633583,1778
"SC",2001,3.519657,5.317966,2.092079,14.74189,2.284908,8.841407,1891
"SC",2002,3.510161,5.398999,2.066345,14.86119,2.253649,8.7355,1973
"SC",2003,3.645026,5.570261,2.145281,15.29891,2.352931,9.198735,2094
"SC",2004,3.835324,5.726243,2.261336,15.87333,2.517763,9.740317,2183
"SC",2005,3.992054,5.94531,2.343722,16.39957,2.623738,10.21076,2277
"SC",2006,4.089333,6.030576,2.427724,16.78526,2.699299,10.46763,2375
"SC",2007,4.170882,6.127051,2.479162,17.13919,2.742401,11.3274,2636
"SC",2008,4.346475,6.340079,2.603286,17.7594,2.881746,12.44295,2917
"SC",2009,4.516273,6.574622,2.694661,18.38626,3.006713,13.49508,3165
"SC",2010,4.804827,6.797259,2.911643,19.10264,3.218806,14.64311,3348
"SC",2011,5.09841,7.092772,3.093095,20.04408,3.45805,16.23345,3616
"SC",2012,5.355451,7.386256,3.242967,20.80123,3.645618,17.68742,3867
"SC",2013,5.551044,7.675364,3.319815,21.54262,3.788155,18.65668,4036
"SC",2014,5.793405,7.903821,3.480113,22.23048,3.979605,19.32921,4063
"SD",2000,2.17325,3.356883,1.505045,8.900398,1.429248,2.791667,67
"SD",2001,2.060472,3.346741,1.410622,8.73252,1.33339,2.774566,72
"SD",2002,1.918143,3.062277,1.365248,8.154999,1.240278,2.368805,65
"SD",2003,1.867937,3.066181,1.318177,7.843188,1.204801,2.082598,59
"SD",2004,1.760434,2.971948,1.225157,7.523277,1.128768,1.73913,50
"SD",2005,1.730735,3.041781,1.194736,7.419016,1.107844,1.334575,43
"SD",2006,1.836656,3.271619,1.243786,7.712923,1.196809,1.488755,47
"SD",2007,1.924081,3.349721,1.306194,7.996099,1.249891,1.532567,48
"SD",2008,2.02161,3.502718,1.331339,8.348735,1.319581,1.449275,46
"SD",2009,2.073215,3.500244,1.338381,8.83282,1.333702,1.510015,49
"SD",2010,2.160506,3.721326,1.339755,9.08218,1.395902,2.617801,85
"SD",2011,2.19014,3.846749,1.305802,9.312858,1.407424,3.330333,111
"SD",2012,2.275493,3.868262,1.404503,9.49635,1.473433,3.796001,131
"TN",2000,3.333128,4.868372,1.454238,14.08934,2.145547,8.973224,2128
"TN",2001,3.373807,4.920508,1.461621,14.4462,2.14788,9.10941,2238
"TN",2002,3.456859,5.055112,1.556533,14.77286,2.220558,9.185029,2351
"TN",2003,3.514445,5.189229,1.636013,15.03286,2.253433,9.338287,2488
"TN",2004,3.591615,5.335344,1.700752,15.43337,2.295562,9.60248,2633
"TN",2005,3.663485,5.471458,1.76187,15.83019,2.327198,9.896226,2756
"TN",2006,3.784355,5.668352,1.823633,16.34456,2.389396,10.46854,2880
"TN",2007,3.790857,5.723493,1.816561,16.70047,2.37014,10.81274,3032
"TN",2008,3.876066,5.819882,1.89354,17.05543,2.415943,11.13047,3195
"TN",2009,4.040987,6.003454,2.006339,17.57349,2.54192,11.87052,3359
"TN",2010,4.111145,6.123606,2.051347,17.98407,2.580828,12.78666,3641
"TN",2011,4.173439,6.254102,2.09434,18.27313,2.609246,13.29298,3887
"TN",2012,4.131248,6.256324,2.125112,18.48276,2.56323,13.1318,4105
"TN",2013,4.292164,6.584914,2.178128,19.05308,2.67015,13.96252,4314
"TN",2014,4.444685,6.780832,2.324929,19.54752,2.772667,14.45581,4480
"TX",2005,4.321915,6.369379,2.323482,16.08035,3.055726,15.14826,22013
"TX",2006,4.487322,6.622158,2.386419,16.61238,3.15177,15.55955,22880
"TX",2007,4.623709,6.867921,2.405199,17.2613,3.231838,15.99024,23517
"TX",2008,4.742548,7.074107,2.423662,17.86836,3.284942,16.32169,23956
"TX",2009,4.833697,7.219203,2.443901,18.44127,3.324567,16.6286,24247
"TX",2010,4.872767,7.253269,2.474886,18.86878,3.333983,16.47824,24283
"TX",2011,4.930759,7.27821,2.502965,19.2877,3.343671,16.42803,24244
"TX",2012,5.003196,7.341595,2.499576,19.73043,3.382189,16.58706,23649
"TX",2013,5.061882,7.386731,2.537336,20.04357,3.400197,16.64946,23705
"TX",2014,5.097249,7.425546,2.557822,20.32577,3.410488,16.67625,23488
"UT",2000,2.251822,3.670145,1.077532,10.51621,1.33778,4.04744,215
"UT",2001,2.413196,3.645189,1.189029,10.93083,1.481844,4.540024,228
"UT",2002,2.292362,3.615545,1.056804,10.738,1.377239,4.170652,218
"UT",2003,2.192008,3.410498,1.053455,10.11979,1.32279,3.75802,205
"UT",2004,2.213778,3.423364,1.064943,9.962581,1.362579,3.475653,197
"UT",2005,2.186531,3.430225,1.048784,9.619089,1.365867,3.170651,191
"UT",2006,2.252943,3.482062,1.082897,9.620595,1.442072,3.069599,187
"UT",2007,2.312701,3.58054,1.085302,9.636583,1.510643,3.079417,190
"UT",2008,2.369571,3.616803,1.119105,9.725473,1.567806,2.833549,175
"UT",2009,2.373376,3.578973,1.130548,9.741273,1.571654,2.539583,162
"UT",2010,2.448809,3.684954,1.198086,9.740616,1.648474,2.931009,195
"UT",2011,2.565098,3.792824,1.299853,9.873336,1.75455,3.397407,228
"UT",2012,2.68779,3.932985,1.401164,10.20743,1.866348,4.098482,278
"UT",2013,2.810925,4.075625,1.507483,10.47868,1.980047,4.873803,336
"UT",2014,2.965722,4.256211,1.629527,10.73516,2.106517,5.57099,381
"WA",2000,3.185895,4.644514,1.592716,13.37949,2.073881,6.153527,889
"WA",2001,3.292199,4.861803,1.609411,13.8117,2.137417,6.655383,983
"WA",2002,3.278278,4.967781,1.574014,14.07336,2.100438,6.914417,1081
"WA",2003,3.307989,5.071983,1.528036,14.37154,2.092291,7.547409,1190
"WA",2004,3.346112,5.133506,1.563104,14.62214,2.102959,7.934168,1292
"WA",2005,3.409716,5.269753,1.578047,15.02085,2.133193,8.5799,1418
"WA",2006,3.51382,5.383214,1.625325,15.56075,2.190195,9.239985,1527
"WA",2007,3.616322,5.480745,1.65752,15.94919,2.263328,9.791122,1650
"WA",2008,3.757571,5.554053,1.721453,16.38998,2.363142,10.27912,1764
"WA",2009,3.839331,5.568674,1.856077,16.78928,2.417236,10.44362,1808
"WA",2010,3.960282,5.722107,1.958986,17.25512,2.490727,10.97902,1884
"WA",2011,4.067981,5.867709,1.94301,17.68421,2.565172,11.46995,1964
"WA",2012,4.196671,6.116478,1.899528,18.1858,2.657711,12.14931,2057
"WA",2013,4.199409,6.2774,1.790841,18.39398,2.627423,12.24804,2151
"WA",2014,4.307573,6.522281,1.767285,18.89623,2.69802,12.90617,2260
"WI",2000,2.976837,4.101159,1.744973,11.11847,2.088725,4.367363,865
"WI",2001,3.108603,4.357896,1.773407,11.61847,2.17116,5.051191,1041
"WI",2002,3.210877,4.560049,1.782418,12.27444,2.222459,6.028686,1282
"WI",2003,3.267977,4.760583,1.753552,12.73756,2.22835,6.590429,1435
"WI",2004,3.348004,4.903392,1.742391,13.29666,2.245273,7.490467,1650
"WI",2005,3.474801,5.057786,1.774669,13.95992,2.332246,8.595609,1879
"WI",2006,3.506711,5.121061,1.738298,14.35239,2.302347,9.706717,2191
"WI",2007,3.647429,5.325143,1.794145,14.96659,2.398721,10.40364,2379
"WI",2008,3.814014,5.517905,1.825594,15.72883,2.490472,11.48123,2585
"WI",2009,3.969537,5.705027,1.876044,16.42903,2.592171,12.18431,2721
"WI",2010,4.171887,5.953144,1.943992,17.26299,2.728794,13.43596,2950
"WI",2011,4.319005,6.108306,2.01514,17.91934,2.811304,14.3144,3137
"WI",2012,4.529562,6.398767,2.092386,18.77837,2.959742,15.42695,3364
"WI",2013,4.642083,6.558722,2.134045,19.48727,3.004242,15.69478,3437
"WI",2014,4.69295,6.695441,2.141812,20.09863,2.983707,15.78232,3483
"WV",2006,3.763821,5.990822,1.892367,17.26976,2.289019,11.04905,633
"WV",2007,3.546891,5.804627,1.611786,17.18377,2.055899,10.3962,635
"WV",2008,3.612755,5.868476,1.570667,17.43416,2.087015,11.07862,682
"WV",2009,3.618327,5.890187,1.533498,17.6126,2.079076,11.06324,719
"WV",2010,3.676737,6.048992,1.531492,17.87353,2.106048,11.12918,753
"WV",2011,3.678694,6.219604,1.448035,18.14869,2.082958,10.67892,744
"WV",2012,3.729595,6.463051,1.433659,18.35304,2.106272,10.08894,726
"WV",2013,3.86371,6.675,1.409217,18.90122,2.207787,10.17801,709
"WV",2014,3.85452,6.796092,1.330486,18.98048,2.18108,10.26229,716
"WY",2006,3.332675,5.263638,1.797543,14.88793,2.051591,8.639524,174
"WY",2007,3.521079,5.336781,1.966689,15.58268,2.187602,9.204602,184
"WY",2008,3.614791,5.460927,1.944644,16.38322,2.202386,9.95996,199
"WY",2009,3.645399,5.606643,1.881023,16.979,2.185193,10.61815,213
"WY",2010,3.649915,5.559685,1.877073,17.45327,2.136193,10.76321,220
"WY",2011,3.617292,5.73068,1.734967,17.68672,2.067892,10.24918,218
"WY",2012,3.604515,5.819377,1.720936,17.79191,2.032182,9.699769,210
"WY",2013,3.557741,5.65046,1.701212,17.81876,1.984015,9.41073,214
"WY",2014,3.574475,5.607143,1.764207,17.93481,1.993956,8.978724,211
